"","date","Airport","Air_MonthAvg","Air_MonthMax","Air_MonthMin","Region","MP1","MP3","PL3","PL2","UBP3","MP5","MP8","UBP1","UBP2","PL1","UBP4"
"1",2012-01-01,"YAKUTAT AIRPORT",-4.53,5.6,-23.9,"YF",NA,NA,NA,NA,NA,NA,NA,NA,NA,NA,NA
"2",2012-02-01,"YAKUTAT AIRPORT",0.51,8.9,-13.9,"YF",NA,NA,NA,NA,NA,NA,NA,NA,NA,NA,NA
"3",2012-03-01,"YAKUTAT AIRPORT",-1.39,10,-13.3,"YF",NA,NA,NA,NA,NA,NA,NA,NA,NA,NA,NA
"4",2012-04-01,"YAKUTAT AIRPORT",3.35,13.9,-7.2,"YF",NA,NA,NA,NA,NA,NA,NA,NA,NA,NA,NA
"5",2012-05-01,"YAKUTAT AIRPORT",5.56,13.9,-1.1,"YF",NA,NA,NA,NA,NA,NA,NA,NA,NA,NA,NA
"6",2012-06-01,"YAKUTAT AIRPORT",9.22,18.3,0,"YF",NA,NA,NA,NA,NA,NA,NA,NA,NA,NA,NA
"7",2012-07-01,"YAKUTAT AIRPORT",11.15,18.9,3.9,"YF",NA,NA,NA,NA,NA,NA,NA,NA,NA,NA,NA
"8",2012-08-01,"YAKUTAT AIRPORT",11.4,19.4,0.6,"YF",16.16,12.59,15.72,15.72,15.46,NA,NA,15.21,15.26,NA,NA
"9",2012-09-01,"YAKUTAT AIRPORT",9.16,16.1,0.6,"YF",11.88,9.25,11.17,11.17,11.01,9.62,9.61,10.98,11.05,NA,NA
"10",2012-10-01,"YAKUTAT AIRPORT",2.79,11.1,-11.1,"YF",6.62,5.85,4.33,4.33,5.6,5.82,6.19,4.97,5.43,NA,NA
"11",2012-11-01,"YAKUTAT AIRPORT",-0.54,7.8,-13.9,"YF",0.9,2.38,-0.7,-0.7,-1.17,2.02,2.07,0.02,0.07,NA,NA
"12",2012-12-01,"YAKUTAT AIRPORT",-3.89,5,-16.7,"YF",0.16,0.85,-1.58,-1.58,-3.16,0.55,0.73,-0.51,-0.19,NA,NA
"13",2013-01-01,"YAKUTAT AIRPORT",-0.31,5.6,-14.4,"YF",0.12,0.65,-0.4,-0.4,-0.54,0.43,0.52,0.02,0.21,NA,NA
"14",2013-02-01,"YAKUTAT AIRPORT",1.44,6.1,-5.6,"YF",0.21,0.61,-0.27,-0.27,0.16,0.38,0.36,0.13,0.15,NA,NA
"15",2013-03-01,"YAKUTAT AIRPORT",-1.7,5.6,-13.3,"YF",0.23,0.25,-1.09,-1.09,-1,0.23,0.29,0.13,0.22,NA,NA
"16",2013-04-01,"YAKUTAT AIRPORT",0.31,6.1,-11,"YF",0.23,0.23,-0.14,-0.14,0.31,0.26,0.28,0.12,0.23,NA,NA
"17",2013-05-01,"YAKUTAT AIRPORT",6.48,17.2,-2.7,"YF",2.71,1.65,5.72,5.72,8.86,3.07,2.19,7.5,5.85,NA,NA
"18",2013-06-01,"YAKUTAT AIRPORT",11.87,27.2,2.8,"YF",17.4,13.65,17.66,17.66,17.46,15.68,16.15,18.02,18.62,NA,NA
"19",2013-07-01,"YAKUTAT AIRPORT",12.9,21.7,4.4,"YF",18.32,14.92,16.9,16.9,NA,16.04,17.25,17.14,17.66,NA,NA
"20",2013-08-01,"YAKUTAT AIRPORT",13.39,20,5.6,"YF",18.03,14.79,17.12,17.12,NA,15.49,16.73,16.74,17.29,NA,NA
"21",2013-09-01,"YAKUTAT AIRPORT",10.66,16.7,1.1,"YF",13.68,11.08,12.54,12.54,NA,12.37,12.54,12.68,13.05,NA,NA
"22",2013-10-01,"YAKUTAT AIRPORT",6.86,13.3,-2.7,"YF",8.98,7.4,8.47,8.16,NA,7.86,8.01,8.81,8.44,6.44,NA
"23",2013-11-01,"YAKUTAT AIRPORT",-0.49,7.8,-14.3,"YF",NA,1.97,0.89,1.6,NA,4.06,3.22,NA,1.82,1.56,NA
"24",2013-12-01,"YAKUTAT AIRPORT",-2.52,5.6,-16,"YF",NA,0.08,-1.43,-0.38,NA,1.92,1.11,NA,-0.28,-0.22,NA
"25",2014-01-01,"YAKUTAT AIRPORT",2.27,10,-6.6,"YF",NA,0.16,-0.21,-0.17,NA,1.44,0.83,NA,0.14,-0.06,NA
"26",2014-02-01,"YAKUTAT AIRPORT",-4.65,8.9,-19.3,"YF",NA,-0.75,-2.8,-2.33,NA,0.97,0.48,NA,-1.79,-2.06,NA
"27",2014-03-01,"YAKUTAT AIRPORT",-1.1,8.3,-16.6,"YF",NA,-0.12,-0.42,-0.57,NA,0.48,0.24,NA,-0.99,-0.13,NA
"28",2014-04-01,"YAKUTAT AIRPORT",2.92,13.3,-7.7,"YF",NA,0.11,3.37,0.78,NA,0.78,0.97,NA,1.88,-0.03,NA
"29",2014-05-01,"YAKUTAT AIRPORT",8.42,22.8,-2.1,"YF",NA,8.82,13.69,14.91,NA,9.63,11.3,NA,15.82,12.12,NA
"30",2014-06-01,"YAKUTAT AIRPORT",9.94,20,1.7,"YF",NA,12.69,14.37,14.95,NA,13.46,14.9,NA,15.66,13.45,NA
"31",2014-07-01,"YAKUTAT AIRPORT",12.6,20.6,3.9,"YF",NA,15.14,15.71,NA,NA,15.6,16.88,NA,NA,NA,NA
"32",2014-08-01,"YAKUTAT AIRPORT",12.58,17.8,4.4,"YF",NA,13.51,13.61,NA,NA,14.64,15.58,NA,NA,NA,NA
"33",2014-09-01,"YAKUTAT AIRPORT",10.64,18.3,-1,"YF",NA,12.09,10.97,NA,11.36,13.19,13.93,11.23,11.43,NA,NA
"34",2014-10-01,"YAKUTAT AIRPORT",5.39,13.3,-4.3,"YF",NA,NA,5.9,NA,6.59,NA,NA,7.09,7.43,NA,NA
"35",2014-11-01,"YAKUTAT AIRPORT",1.12,7.8,-10.5,"YF",NA,NA,4.55,NA,3.44,NA,NA,4.77,5.28,NA,NA
"36",2014-12-01,"YAKUTAT AIRPORT",0.99,7.8,-12.1,"YF",NA,NA,3.44,NA,1.96,NA,NA,3.51,3.4,NA,NA
"37",2015-01-01,"YAKUTAT AIRPORT",1.86,8.3,-11.6,"YF",NA,NA,2.77,NA,2.34,NA,NA,2.97,2.58,NA,NA
"38",2015-02-01,"YAKUTAT AIRPORT",0.85,8.3,-12.1,"YF",NA,NA,3.23,NA,3.03,NA,NA,3.74,2.9,NA,NA
"39",2015-03-01,"YAKUTAT AIRPORT",1.67,11.7,-15.5,"YF",NA,NA,4.6,NA,4.53,NA,NA,4.93,4.52,NA,NA
"40",2015-04-01,"YAKUTAT AIRPORT",3.9,13.9,-4.3,"YF",NA,NA,6.05,NA,8.11,NA,NA,6.94,6.99,NA,NA
"41",2015-05-01,"YAKUTAT AIRPORT",8.6,19.4,-2.1,"YF",NA,NA,13.7,NA,15.56,NA,NA,11.33,12.28,NA,NA
"42",2015-06-01,"YAKUTAT AIRPORT",12,27.8,4.4,"YF",NA,NA,9.53,NA,14.71,NA,16.04,13.2,13.57,17.04,NA
"43",2015-07-01,"YAKUTAT AIRPORT",13.35,23.9,5,"YF",NA,NA,NA,NA,NA,NA,17.14,NA,NA,16.63,NA
"44",2015-08-01,"YAKUTAT AIRPORT",12.8,20.6,3.9,"YF",NA,NA,NA,NA,NA,NA,16.12,NA,NA,15.9,NA
"45",2015-09-01,"YAKUTAT AIRPORT",8.73,17.2,-1,"YF",9.74,NA,NA,NA,NA,NA,10.88,NA,9.39,10.51,11.04
"46",2015-10-01,"YAKUTAT AIRPORT",6.71,13.9,-2.1,"YF",8.07,NA,NA,NA,NA,NA,7.26,NA,7.61,6.67,8.68
"47",2015-11-01,"YAKUTAT AIRPORT",1.48,8.3,-12.2,"YF",2.28,NA,NA,NA,NA,NA,4.06,NA,1.18,1.27,NA
"48",2015-12-01,"YAKUTAT AIRPORT",-0.05,7.2,-12.1,"YF",-0.03,NA,NA,NA,NA,NA,2.1,NA,-0.36,-0.2,NA
"49",2016-01-01,"YAKUTAT AIRPORT",2.02,9.4,-8.8,"YF",-0.16,NA,NA,NA,NA,NA,1.4,NA,-0.23,-0.51,NA
"50",2016-02-01,"YAKUTAT AIRPORT",2.87,8.9,-8.8,"YF",0.19,NA,NA,NA,NA,NA,1.42,NA,0.38,-0.21,NA
"51",2016-03-01,"YAKUTAT AIRPORT",3.89,13.9,-6.6,"YF",1.25,NA,NA,NA,NA,NA,2.45,NA,4.94,2.75,NA
"52",2016-04-01,"YAKUTAT AIRPORT",5.86,17.8,-2.1,"YF",7.42,NA,NA,NA,NA,NA,5.74,NA,10.44,8.49,NA
"53",2016-05-01,"YAKUTAT AIRPORT",9.3,23.9,0,"YF",NA,NA,NA,NA,NA,NA,NA,NA,10.83,12.67,NA
"54",2016-06-01,"YAKUTAT AIRPORT",12.1,26.7,2.8,"YF",NA,NA,NA,NA,NA,NA,NA,NA,NA,NA,NA
"55",2016-07-01,"YAKUTAT AIRPORT",14.1,23.9,6.7,"YF",NA,NA,NA,NA,NA,NA,NA,NA,NA,NA,NA
"56",2016-08-01,"YAKUTAT AIRPORT",14.28,25.6,5,"YF",NA,NA,NA,NA,NA,NA,NA,NA,NA,NA,NA
"57",2016-09-01,"YAKUTAT AIRPORT",10.03,20,-2.1,"YF",NA,NA,NA,NA,NA,NA,NA,NA,9.7,NA,NA
"58",2016-10-01,"YAKUTAT AIRPORT",4.95,15.6,-4.3,"YF",5.86,NA,NA,NA,NA,4.62,NA,NA,6.09,NA,NA
"59",2016-11-01,"YAKUTAT AIRPORT",2.74,12.2,-9.9,"YF",4.18,NA,NA,NA,NA,4.06,NA,NA,5.2,NA,NA
"60",2016-12-01,"YAKUTAT AIRPORT",-2.01,8.3,-16,"YF",2.92,NA,NA,NA,NA,2.09,NA,NA,3.39,NA,NA
"61",2017-01-01,"YAKUTAT AIRPORT",-2.33,7.2,-16,"YF",1.37,NA,NA,NA,NA,0.96,NA,NA,1.81,NA,NA
"62",2017-02-01,"YAKUTAT AIRPORT",-1.28,7.8,-11.6,"YF",0.7,NA,NA,NA,NA,0.64,NA,NA,1.31,NA,NA
"63",2017-03-01,"YAKUTAT AIRPORT",-3.15,7.2,-19.3,"YF",0.39,NA,NA,NA,NA,0.35,NA,NA,0.61,NA,NA
"64",2017-04-01,"YAKUTAT AIRPORT",5.25,17.2,-5.5,"YF",1.91,NA,NA,NA,NA,0.67,NA,NA,3.2,NA,NA
"65",2017-05-01,"YAKUTAT AIRPORT",7.42,18.9,-2.1,"YF",9.33,NA,NA,NA,NA,7.55,NA,NA,8.07,NA,NA
"66",2017-06-01,"YAKUTAT AIRPORT",11.11,22.2,1.1,"YF",NA,NA,NA,NA,NA,NA,NA,NA,NA,NA,NA
"67",2017-07-01,"YAKUTAT AIRPORT",13.37,24.4,5.6,"YF",NA,NA,NA,NA,NA,NA,NA,NA,NA,NA,NA
"68",2017-08-01,"YAKUTAT AIRPORT",12.95,19.4,4.4,"YF",NA,NA,NA,NA,NA,NA,NA,NA,NA,NA,NA
"69",2017-09-01,"YAKUTAT AIRPORT",10.64,23.3,1.7,"YF",NA,NA,NA,NA,NA,NA,NA,NA,NA,NA,NA
"70",2017-10-01,"YAKUTAT AIRPORT",5.99,14.4,-2.8,"YF",NA,NA,NA,NA,NA,NA,NA,NA,NA,NA,NA
"71",2017-11-01,"YAKUTAT AIRPORT",-0.6,10.6,-15.5,"YF",NA,NA,NA,NA,NA,NA,NA,NA,NA,NA,NA
"72",2017-12-01,"YAKUTAT AIRPORT",-0.28,10.6,-15,"YF",NA,NA,NA,NA,NA,NA,NA,NA,NA,NA,NA
"73",2018-01-01,"YAKUTAT AIRPORT",0.32,11.7,-14.4,"YF",NA,NA,NA,NA,NA,NA,NA,NA,NA,NA,NA
"74",2018-02-01,"YAKUTAT AIRPORT",-2.72,6.1,-17.1,"YF",NA,NA,NA,NA,NA,NA,NA,NA,NA,NA,NA
"75",2018-03-01,"YAKUTAT AIRPORT",0.68,10,-17.1,"YF",NA,NA,NA,NA,NA,NA,NA,NA,NA,NA,NA
"76",2018-04-01,"YAKUTAT AIRPORT",3.84,13.9,-8.2,"YF",NA,NA,NA,NA,NA,NA,NA,NA,NA,NA,NA
"77",2018-05-01,"YAKUTAT AIRPORT",7.89,20.6,-0.5,"YF",12.15,5.64,NA,NA,NA,NA,12.27,NA,NA,NA,NA
"78",2018-06-01,"YAKUTAT AIRPORT",11.02,22.8,1.7,"YF",15.06,8.1,NA,15.66,NA,NA,15.06,NA,NA,NA,NA
"79",2018-07-01,"YAKUTAT AIRPORT",13.88,24.4,3.9,"YF",17.66,10.04,NA,17.65,NA,NA,17.3,NA,NA,NA,NA
"80",2018-08-01,"YAKUTAT AIRPORT",13.66,18.3,3.9,"YF",15.87,10.66,NA,15.22,NA,NA,15.47,NA,NA,NA,NA
"81",2018-09-01,"YAKUTAT AIRPORT",10.3,23.9,-0.5,"YF",12.92,8.19,NA,12.57,NA,NA,10.26,NA,NA,NA,NA
"82",2018-10-01,"YAKUTAT AIRPORT",8.1,18.9,-3.2,"YF",8.6,6.34,7.99,7.93,7.77,NA,7.52,7.65,7.89,7.24,4.62
"83",2018-11-01,"YAKUTAT AIRPORT",3.71,11.1,-6,"YF",4.22,5.11,4.43,4.11,5.24,NA,3.75,4.85,5.39,4.18,4.86
"84",2018-12-01,"YAKUTAT AIRPORT",1.79,9.4,-6.6,"YF",2.73,4.38,2.96,1.68,4.22,NA,2,2.93,4.5,3.34,3.56
"85",2019-01-01,"YAKUTAT AIRPORT",-2,8.3,-16.6,"YF",1.1,2.8,1.35,-0.21,3.13,NA,0.68,0.78,2.71,1.3,2.89
"86",2019-02-01,"YAKUTAT AIRPORT",-1.78,8.3,-13.2,"YF",0.91,2.23,0.69,-0.7,3.07,NA,0.01,0.24,1.83,0.81,3.4
"87",2019-03-01,"YAKUTAT AIRPORT",3.65,15.6,-10.5,"YF",0.99,1.67,1.19,0.33,3.05,NA,-0.03,0.89,1.78,0.81,3.76
"88",2019-04-01,"YAKUTAT AIRPORT",4.79,16.1,-3.2,"YF",4.9,2.42,6.04,6.83,7.84,NA,3.29,7.27,6.43,5.06,8.86
"89",2019-05-01,"YAKUTAT AIRPORT",9.11,18.9,-1,"YF",12.85,5.2,13.04,13.91,12.96,NA,12.82,13.08,11.61,11.46,14.25
"90",2019-06-01,"YAKUTAT AIRPORT",12.78,30.6,3.9,"YF",16.78,12.54,16.3,15.82,16.04,15.63,16.56,15.5,14.44,13.6,18.01
"91",2019-07-01,"YAKUTAT AIRPORT",15.31,25,9.4,"YF",19.52,15.52,19.46,18.9,17.47,17.45,18.72,17.02,16.39,17.04,19.78
"92",2019-08-01,"YAKUTAT AIRPORT",13.87,26.7,0.6,"YF",17.7,13.43,17.14,16.53,16.01,15.19,16.7,14.75,14.63,14.93,18.22
"93",2019-09-01,"YAKUTAT AIRPORT",10.83,20,-1,"YF",13.92,10.36,13.69,12.87,12.36,11.56,12.85,11.59,11.51,NA,14.08
"94",2019-10-01,"YAKUTAT AIRPORT",5.71,13.3,-3.2,"YF",8.65,5.88,7.85,6.87,6.62,7.29,7.72,6.62,6.67,NA,6.76
"95",2019-11-01,"YAKUTAT AIRPORT",3.91,10,-7.7,"YF",NA,NA,NA,NA,NA,NA,NA,NA,NA,NA,NA
"96",2019-12-01,"YAKUTAT AIRPORT",3.13,13.3,-4.3,"YF",NA,NA,NA,NA,NA,NA,NA,NA,NA,NA,NA
"97",2020-01-01,NA,-3.6,0.9,-5.3,"YF",NA,NA,NA,NA,NA,NA,NA,NA,NA,NA,NA
"98",2020-02-01,NA,-0.2,2.2,-3.4,"YF",NA,NA,NA,NA,NA,NA,NA,NA,NA,NA,NA
"99",2020-03-01,NA,-1,2.4,-5.7,"YF",NA,NA,NA,NA,NA,NA,NA,NA,NA,NA,NA
"100",2020-04-01,NA,2.5,5.7,-1.4,"YF",NA,NA,NA,NA,NA,NA,NA,NA,NA,NA,NA
"101",2020-05-01,NA,7,9.4,4.2,"YF",NA,NA,NA,NA,NA,NA,NA,NA,NA,NA,NA
"102",2020-06-01,NA,10.3,14,7.6,"YF",NA,NA,NA,NA,NA,NA,NA,NA,NA,NA,NA
"103",2020-07-01,NA,13,15.6,11.3,"YF",NA,NA,NA,NA,NA,NA,NA,NA,NA,NA,NA
"104",2020-08-01,NA,12.3,15.3,10.1,"YF",NA,NA,NA,NA,NA,NA,NA,NA,NA,NA,NA
"105",2020-09-01,NA,9.5,11.6,6.3,"YF",NA,NA,NA,NA,NA,NA,NA,NA,NA,NA,NA
"106",2020-10-01,NA,6,8.1,2.8,"YF",NA,NA,NA,NA,NA,NA,NA,NA,NA,NA,NA
"107",2020-11-01,NA,-1.4,1.5,-4.7,"YF",NA,NA,NA,NA,NA,NA,NA,NA,NA,NA,NA
"108",2020-12-01,NA,-1.7,0.8,-7,"YF",NA,NA,NA,NA,NA,NA,NA,NA,NA,NA,NA
"109",2021-01-01,NA,-2.9,-0.9,-9.3,"YF",NA,NA,NA,NA,NA,NA,NA,NA,NA,NA,NA
"110",2021-02-01,NA,-0.7,2.1,-4.2,"YF",NA,NA,NA,NA,NA,NA,NA,NA,NA,NA,NA
"111",2021-03-01,NA,1.2,2.6,-3.6,"YF",NA,NA,NA,NA,NA,NA,NA,NA,NA,NA,NA
"112",2021-04-01,NA,3.3,5.9,0.7,"YF",NA,NA,NA,NA,NA,NA,NA,NA,NA,NA,NA
"113",2021-05-01,NA,6.6,9.8,4.4,"YF",NA,NA,NA,NA,NA,NA,NA,NA,NA,NA,NA
"114",2021-06-01,NA,11.2,15,8.8,"YF",NA,NA,NA,NA,NA,NA,NA,NA,NA,NA,NA
"115",2021-07-01,NA,13.6,16.9,11.4,"YF",NA,NA,NA,NA,NA,NA,NA,NA,NA,NA,NA
"116",2021-08-01,NA,12.9,15.6,11.4,"YF",NA,NA,NA,NA,NA,NA,NA,NA,NA,NA,NA
"117",2021-09-01,NA,9.9,13,7.3,"YF",NA,NA,NA,NA,NA,NA,NA,NA,NA,NA,NA
"118",2021-10-01,NA,6.5,9.2,3.7,"YF",NA,NA,NA,NA,NA,NA,NA,NA,NA,NA,NA
"119",2021-11-01,NA,0.1,3.1,-4.1,"YF",NA,NA,NA,NA,NA,NA,NA,NA,NA,NA,NA
"120",2021-12-01,NA,-1.9,1.4,-6.3,"YF",NA,NA,NA,NA,NA,NA,NA,NA,NA,NA,NA
"121",2022-01-01,NA,-2.1,-0.2,-6.9,"YF",NA,NA,NA,NA,NA,NA,NA,NA,NA,NA,NA
"122",2022-02-01,NA,-2,0.7,-5.4,"YF",NA,NA,NA,NA,NA,NA,NA,NA,NA,NA,NA
"123",2022-03-01,NA,0.5,4.8,-2.3,"YF",NA,NA,NA,NA,NA,NA,NA,NA,NA,NA,NA
"124",2022-04-01,NA,4.2,6.7,1.4,"YF",NA,NA,NA,NA,NA,NA,NA,NA,NA,NA,NA
"125",2022-05-01,NA,6.7,9.1,4.8,"YF",NA,NA,NA,NA,NA,NA,NA,NA,NA,NA,NA
"126",2022-06-01,NA,10.9,13.1,7.4,"YF",NA,NA,NA,NA,NA,NA,NA,NA,NA,NA,NA
"127",2022-07-01,NA,12.8,15.1,10.6,"YF",NA,NA,NA,NA,NA,NA,NA,NA,NA,NA,NA
"128",2022-08-01,NA,12.7,14.7,10.7,"YF",NA,NA,NA,NA,NA,NA,NA,NA,NA,NA,NA
"129",2022-09-01,NA,9.9,12.8,7.9,"YF",NA,NA,NA,NA,NA,NA,NA,NA,NA,NA,NA
"130",2022-10-01,NA,4.7,7.4,1.3,"YF",NA,NA,NA,NA,NA,NA,NA,NA,NA,NA,NA
"131",2022-11-01,NA,0.5,3.8,-3.8,"YF",NA,NA,NA,NA,NA,NA,NA,NA,NA,NA,NA
"132",2022-12-01,NA,-2.9,1,-7.8,"YF",NA,NA,NA,NA,NA,NA,NA,NA,NA,NA,NA
"133",2023-01-01,NA,-0.8,0.2,-4.8,"YF",NA,NA,NA,NA,NA,NA,NA,NA,NA,NA,NA
"134",2023-02-01,NA,0.8,2.2,-4.9,"YF",NA,NA,NA,NA,NA,NA,NA,NA,NA,NA,NA
"135",2023-03-01,NA,0.2,3.1,-3.9,"YF",NA,NA,NA,NA,NA,NA,NA,NA,NA,NA,NA
"136",2023-04-01,NA,3.7,5.4,0.1,"YF",NA,NA,NA,NA,NA,NA,NA,NA,NA,NA,NA
"137",2023-05-01,NA,7.2,9.3,4.5,"YF",NA,NA,NA,NA,NA,NA,NA,NA,NA,NA,NA
"138",2023-06-01,NA,10.6,12.6,8,"YF",NA,NA,NA,NA,NA,NA,NA,NA,NA,NA,NA
"139",2023-07-01,NA,13.6,16,10.7,"YF",NA,NA,NA,NA,NA,NA,NA,NA,NA,NA,NA
"140",2023-08-01,NA,13.1,16.3,11.3,"YF",NA,NA,NA,NA,NA,NA,NA,NA,NA,NA,NA
"141",2023-09-01,NA,10.1,12.8,6.5,"YF",NA,NA,NA,NA,NA,NA,NA,NA,NA,NA,NA
"142",2023-10-01,NA,5.6,7.6,1.9,"YF",NA,NA,NA,NA,NA,NA,NA,NA,NA,NA,NA
"143",2023-11-01,NA,-0.7,2.5,-3.9,"YF",NA,NA,NA,NA,NA,NA,NA,NA,NA,NA,NA
"144",2023-12-01,NA,-1.2,1.2,-6,"YF",NA,NA,NA,NA,NA,NA,NA,NA,NA,NA,NA
"145",2024-01-01,NA,-0.8,1.3,-4.8,"YF",NA,NA,NA,NA,NA,NA,NA,NA,NA,NA,NA
"146",2024-02-01,NA,-0.5,3,-3.1,"YF",NA,NA,NA,NA,NA,NA,NA,NA,NA,NA,NA
"147",2024-03-01,NA,1.1,4.6,-1.5,"YF",NA,NA,NA,NA,NA,NA,NA,NA,NA,NA,NA
"148",2024-04-01,NA,3.8,5.9,0.8,"YF",NA,NA,NA,NA,NA,NA,NA,NA,NA,NA,NA
"149",2024-05-01,NA,7.4,10.1,4,"YF",NA,NA,NA,NA,NA,NA,NA,NA,NA,NA,NA
"150",2024-06-01,NA,11.5,15.1,9.6,"YF",NA,NA,NA,NA,NA,NA,NA,NA,NA,NA,NA
"151",2024-07-01,NA,13.9,17,12.2,"YF",NA,NA,NA,NA,NA,NA,NA,NA,NA,NA,NA
"152",2024-08-01,NA,13.7,16.9,12,"YF",NA,NA,NA,NA,NA,NA,NA,NA,NA,NA,NA
"153",2024-09-01,NA,9.9,12.4,7.8,"YF",NA,NA,NA,NA,NA,NA,NA,NA,NA,NA,NA
"154",2024-10-01,NA,6.3,8.6,3.8,"YF",NA,NA,NA,NA,NA,NA,NA,NA,NA,NA,NA
"155",2024-11-01,NA,2.3,4.7,-1.1,"YF",NA,NA,NA,NA,NA,NA,NA,NA,NA,NA,NA
"156",2024-12-01,NA,-2.1,1.2,-7.6,"YF",NA,NA,NA,NA,NA,NA,NA,NA,NA,NA,NA
"157",2025-01-01,NA,-3.3,0.1,-8.8,"YF",NA,NA,NA,NA,NA,NA,NA,NA,NA,NA,NA
"158",2025-02-01,NA,0.1,3.4,-2.9,"YF",NA,NA,NA,NA,NA,NA,NA,NA,NA,NA,NA
"159",2025-03-01,NA,2.4,4.3,-0.9,"YF",NA,NA,NA,NA,NA,NA,NA,NA,NA,NA,NA
"160",2025-04-01,NA,3.6,6.2,-0.4,"YF",NA,NA,NA,NA,NA,NA,NA,NA,NA,NA,NA
"161",2025-05-01,NA,7.4,10.7,5.2,"YF",NA,NA,NA,NA,NA,NA,NA,NA,NA,NA,NA
"162",2025-06-01,NA,11.8,14.7,8.7,"YF",NA,NA,NA,NA,NA,NA,NA,NA,NA,NA,NA
"163",2025-07-01,NA,13.6,16.5,11.7,"YF",NA,NA,NA,NA,NA,NA,NA,NA,NA,NA,NA
"164",2025-08-01,NA,13.9,17.3,11.9,"YF",NA,NA,NA,NA,NA,NA,NA,NA,NA,NA,NA
"165",2025-09-01,NA,10.1,12.6,8.4,"YF",NA,NA,NA,NA,NA,NA,NA,NA,NA,NA,NA
"166",2025-10-01,NA,5.9,9.3,2.8,"YF",NA,NA,NA,NA,NA,NA,NA,NA,NA,NA,NA
"167",2025-11-01,NA,-1.6,2.4,-5.7,"YF",NA,NA,NA,NA,NA,NA,NA,NA,NA,NA,NA
"168",2025-12-01,NA,-2.7,0.9,-5.3,"YF",NA,NA,NA,NA,NA,NA,NA,NA,NA,NA,NA
"169",2026-01-01,NA,-2.8,-0.6,-8.2,"YF",NA,NA,NA,NA,NA,NA,NA,NA,NA,NA,NA
"170",2026-02-01,NA,0.9,4.7,-2.2,"YF",NA,NA,NA,NA,NA,NA,NA,NA,NA,NA,NA
"171",2026-03-01,NA,1.4,4.2,-3.3,"YF",NA,NA,NA,NA,NA,NA,NA,NA,NA,NA,NA
"172",2026-04-01,NA,4.3,6.2,1,"YF",NA,NA,NA,NA,NA,NA,NA,NA,NA,NA,NA
"173",2026-05-01,NA,8,11.4,5.1,"YF",NA,NA,NA,NA,NA,NA,NA,NA,NA,NA,NA
"174",2026-06-01,NA,12.4,14.7,8.9,"YF",NA,NA,NA,NA,NA,NA,NA,NA,NA,NA,NA
"175",2026-07-01,NA,13.7,16.2,11.2,"YF",NA,NA,NA,NA,NA,NA,NA,NA,NA,NA,NA
"176",2026-08-01,NA,12.9,15.7,11.2,"YF",NA,NA,NA,NA,NA,NA,NA,NA,NA,NA,NA
"177",2026-09-01,NA,9.9,12.6,7.9,"YF",NA,NA,NA,NA,NA,NA,NA,NA,NA,NA,NA
"178",2026-10-01,NA,5.7,8.2,2.6,"YF",NA,NA,NA,NA,NA,NA,NA,NA,NA,NA,NA
"179",2026-11-01,NA,0.4,2.5,-4,"YF",NA,NA,NA,NA,NA,NA,NA,NA,NA,NA,NA
"180",2026-12-01,NA,-3,1.2,-6.9,"YF",NA,NA,NA,NA,NA,NA,NA,NA,NA,NA,NA
"181",2027-01-01,NA,-2.1,1.5,-6.4,"YF",NA,NA,NA,NA,NA,NA,NA,NA,NA,NA,NA
"182",2027-02-01,NA,0.7,3.9,-2.7,"YF",NA,NA,NA,NA,NA,NA,NA,NA,NA,NA,NA
"183",2027-03-01,NA,1.1,4.5,-2.2,"YF",NA,NA,NA,NA,NA,NA,NA,NA,NA,NA,NA
"184",2027-04-01,NA,3.7,6.1,0.9,"YF",NA,NA,NA,NA,NA,NA,NA,NA,NA,NA,NA
"185",2027-05-01,NA,7,10.5,4.8,"YF",NA,NA,NA,NA,NA,NA,NA,NA,NA,NA,NA
"186",2027-06-01,NA,11.7,15,9.1,"YF",NA,NA,NA,NA,NA,NA,NA,NA,NA,NA,NA
"187",2027-07-01,NA,14.1,16.9,12.1,"YF",NA,NA,NA,NA,NA,NA,NA,NA,NA,NA,NA
"188",2027-08-01,NA,12.6,15.3,10.9,"YF",NA,NA,NA,NA,NA,NA,NA,NA,NA,NA,NA
"189",2027-09-01,NA,11,13.6,9.6,"YF",NA,NA,NA,NA,NA,NA,NA,NA,NA,NA,NA
"190",2027-10-01,NA,6.9,9.9,4.4,"YF",NA,NA,NA,NA,NA,NA,NA,NA,NA,NA,NA
"191",2027-11-01,NA,0.7,3,-3.4,"YF",NA,NA,NA,NA,NA,NA,NA,NA,NA,NA,NA
"192",2027-12-01,NA,0.6,2.7,-5.4,"YF",NA,NA,NA,NA,NA,NA,NA,NA,NA,NA,NA
"193",2028-01-01,NA,-0.6,2.8,-2.5,"YF",NA,NA,NA,NA,NA,NA,NA,NA,NA,NA,NA
"194",2028-02-01,NA,2.2,4.9,-0.9,"YF",NA,NA,NA,NA,NA,NA,NA,NA,NA,NA,NA
"195",2028-03-01,NA,1.8,4.7,-2,"YF",NA,NA,NA,NA,NA,NA,NA,NA,NA,NA,NA
"196",2028-04-01,NA,4.7,7.9,0.6,"YF",NA,NA,NA,NA,NA,NA,NA,NA,NA,NA,NA
"197",2028-05-01,NA,8.5,10.6,5.6,"YF",NA,NA,NA,NA,NA,NA,NA,NA,NA,NA,NA
"198",2028-06-01,NA,12.4,15.1,9.4,"YF",NA,NA,NA,NA,NA,NA,NA,NA,NA,NA,NA
"199",2028-07-01,NA,14,16.5,11.7,"YF",NA,NA,NA,NA,NA,NA,NA,NA,NA,NA,NA
"200",2028-08-01,NA,14.5,17.2,11.9,"YF",NA,NA,NA,NA,NA,NA,NA,NA,NA,NA,NA
"201",2028-09-01,NA,10.5,13.2,8,"YF",NA,NA,NA,NA,NA,NA,NA,NA,NA,NA,NA
"202",2028-10-01,NA,6.6,9.1,3.9,"YF",NA,NA,NA,NA,NA,NA,NA,NA,NA,NA,NA
"203",2028-11-01,NA,-2.1,2.4,-4.6,"YF",NA,NA,NA,NA,NA,NA,NA,NA,NA,NA,NA
"204",2028-12-01,NA,-4,1,-6.1,"YF",NA,NA,NA,NA,NA,NA,NA,NA,NA,NA,NA
"205",2029-01-01,NA,-3.2,1.5,-8,"YF",NA,NA,NA,NA,NA,NA,NA,NA,NA,NA,NA
"206",2029-02-01,NA,-0.2,3,-4.7,"YF",NA,NA,NA,NA,NA,NA,NA,NA,NA,NA,NA
"207",2029-03-01,NA,0.4,4.2,-2.6,"YF",NA,NA,NA,NA,NA,NA,NA,NA,NA,NA,NA
"208",2029-04-01,NA,4.1,6.4,0.7,"YF",NA,NA,NA,NA,NA,NA,NA,NA,NA,NA,NA
"209",2029-05-01,NA,7.4,10.3,4.7,"YF",NA,NA,NA,NA,NA,NA,NA,NA,NA,NA,NA
"210",2029-06-01,NA,11.5,15.1,8.7,"YF",NA,NA,NA,NA,NA,NA,NA,NA,NA,NA,NA
"211",2029-07-01,NA,13.7,16,11.7,"YF",NA,NA,NA,NA,NA,NA,NA,NA,NA,NA,NA
"212",2029-08-01,NA,13.2,16.2,11.1,"YF",NA,NA,NA,NA,NA,NA,NA,NA,NA,NA,NA
"213",2029-09-01,NA,10.8,13.1,9,"YF",NA,NA,NA,NA,NA,NA,NA,NA,NA,NA,NA
"214",2029-10-01,NA,7.7,10.2,5.9,"YF",NA,NA,NA,NA,NA,NA,NA,NA,NA,NA,NA
"215",2029-11-01,NA,1,4.4,-3.6,"YF",NA,NA,NA,NA,NA,NA,NA,NA,NA,NA,NA
"216",2029-12-01,NA,-1.5,1.9,-5.6,"YF",NA,NA,NA,NA,NA,NA,NA,NA,NA,NA,NA
"217",2030-01-01,NA,-1.8,0.7,-7.1,"YF",NA,NA,NA,NA,NA,NA,NA,NA,NA,NA,NA
"218",2030-02-01,NA,2,3.7,-2,"YF",NA,NA,NA,NA,NA,NA,NA,NA,NA,NA,NA
"219",2030-03-01,NA,2.5,4.5,-1.9,"YF",NA,NA,NA,NA,NA,NA,NA,NA,NA,NA,NA
"220",2030-04-01,NA,4.6,6.4,0.4,"YF",NA,NA,NA,NA,NA,NA,NA,NA,NA,NA,NA
"221",2030-05-01,NA,8,10.5,5.5,"YF",NA,NA,NA,NA,NA,NA,NA,NA,NA,NA,NA
"222",2030-06-01,NA,12.5,15.7,9.9,"YF",NA,NA,NA,NA,NA,NA,NA,NA,NA,NA,NA
"223",2030-07-01,NA,14,17.3,11.7,"YF",NA,NA,NA,NA,NA,NA,NA,NA,NA,NA,NA
"224",2030-08-01,NA,14.3,17.2,12,"YF",NA,NA,NA,NA,NA,NA,NA,NA,NA,NA,NA
"225",2030-09-01,NA,11,13.2,8.1,"YF",NA,NA,NA,NA,NA,NA,NA,NA,NA,NA,NA
"226",2030-10-01,NA,6.9,9.1,2.9,"YF",NA,NA,NA,NA,NA,NA,NA,NA,NA,NA,NA
"227",2030-11-01,NA,0.7,2.8,-2.9,"YF",NA,NA,NA,NA,NA,NA,NA,NA,NA,NA,NA
"228",2030-12-01,NA,-1.9,0.7,-5.9,"YF",NA,NA,NA,NA,NA,NA,NA,NA,NA,NA,NA
"229",2031-01-01,NA,-2.4,1.2,-5.4,"YF",NA,NA,NA,NA,NA,NA,NA,NA,NA,NA,NA
"230",2031-02-01,NA,-0.3,3,-5.3,"YF",NA,NA,NA,NA,NA,NA,NA,NA,NA,NA,NA
"231",2031-03-01,NA,1.2,3.3,-3.4,"YF",NA,NA,NA,NA,NA,NA,NA,NA,NA,NA,NA
"232",2031-04-01,NA,4.4,7,1.6,"YF",NA,NA,NA,NA,NA,NA,NA,NA,NA,NA,NA
"233",2031-05-01,NA,8.1,10.6,5.4,"YF",NA,NA,NA,NA,NA,NA,NA,NA,NA,NA,NA
"234",2031-06-01,NA,12.5,15,9.7,"YF",NA,NA,NA,NA,NA,NA,NA,NA,NA,NA,NA
"235",2031-07-01,NA,15,17.7,12.8,"YF",NA,NA,NA,NA,NA,NA,NA,NA,NA,NA,NA
"236",2031-08-01,NA,14.3,17.6,12.4,"YF",NA,NA,NA,NA,NA,NA,NA,NA,NA,NA,NA
"237",2031-09-01,NA,10.1,12.5,8.2,"YF",NA,NA,NA,NA,NA,NA,NA,NA,NA,NA,NA
"238",2031-10-01,NA,6.1,9,2.8,"YF",NA,NA,NA,NA,NA,NA,NA,NA,NA,NA,NA
"239",2031-11-01,NA,1.3,4.7,-2.5,"YF",NA,NA,NA,NA,NA,NA,NA,NA,NA,NA,NA
"240",2031-12-01,NA,1.1,4.4,-3,"YF",NA,NA,NA,NA,NA,NA,NA,NA,NA,NA,NA
"241",2032-01-01,NA,-2.6,1.7,-6.4,"YF",NA,NA,NA,NA,NA,NA,NA,NA,NA,NA,NA
"242",2032-02-01,NA,1.3,4.8,-0.6,"YF",NA,NA,NA,NA,NA,NA,NA,NA,NA,NA,NA
"243",2032-03-01,NA,1.7,5.3,-1.3,"YF",NA,NA,NA,NA,NA,NA,NA,NA,NA,NA,NA
"244",2032-04-01,NA,4.1,7.7,2.3,"YF",NA,NA,NA,NA,NA,NA,NA,NA,NA,NA,NA
"245",2032-05-01,NA,7,11.1,5.3,"YF",NA,NA,NA,NA,NA,NA,NA,NA,NA,NA,NA
"246",2032-06-01,NA,10.9,15.5,10.3,"YF",NA,NA,NA,NA,NA,NA,NA,NA,NA,NA,NA
"247",2032-07-01,NA,13,17.1,12.5,"YF",NA,NA,NA,NA,NA,NA,NA,NA,NA,NA,NA
"248",2032-08-01,NA,12.1,15.8,11.6,"YF",NA,NA,NA,NA,NA,NA,NA,NA,NA,NA,NA
"249",2032-09-01,NA,10.2,13.2,8.7,"YF",NA,NA,NA,NA,NA,NA,NA,NA,NA,NA,NA
"250",2032-10-01,NA,6.2,8.8,4.2,"YF",NA,NA,NA,NA,NA,NA,NA,NA,NA,NA,NA
"251",2032-11-01,NA,0.8,3.2,-3.5,"YF",NA,NA,NA,NA,NA,NA,NA,NA,NA,NA,NA
"252",2032-12-01,NA,-1.3,0.9,-6,"YF",NA,NA,NA,NA,NA,NA,NA,NA,NA,NA,NA
"253",2033-01-01,NA,-1.6,1,-5.9,"YF",NA,NA,NA,NA,NA,NA,NA,NA,NA,NA,NA
"254",2033-02-01,NA,1.8,4.9,-2.4,"YF",NA,NA,NA,NA,NA,NA,NA,NA,NA,NA,NA
"255",2033-03-01,NA,0,4.5,-3.2,"YF",NA,NA,NA,NA,NA,NA,NA,NA,NA,NA,NA
"256",2033-04-01,NA,3.2,5.9,-0.2,"YF",NA,NA,NA,NA,NA,NA,NA,NA,NA,NA,NA
"257",2033-05-01,NA,8.5,10.6,6,"YF",NA,NA,NA,NA,NA,NA,NA,NA,NA,NA,NA
"258",2033-06-01,NA,11.7,15.3,8.8,"YF",NA,NA,NA,NA,NA,NA,NA,NA,NA,NA,NA
"259",2033-07-01,NA,15.1,17.9,12.9,"YF",NA,NA,NA,NA,NA,NA,NA,NA,NA,NA,NA
"260",2033-08-01,NA,14.1,16.9,12.2,"YF",NA,NA,NA,NA,NA,NA,NA,NA,NA,NA,NA
"261",2033-09-01,NA,10.5,13.2,8.6,"YF",NA,NA,NA,NA,NA,NA,NA,NA,NA,NA,NA
"262",2033-10-01,NA,6.4,8.9,2.9,"YF",NA,NA,NA,NA,NA,NA,NA,NA,NA,NA,NA
"263",2033-11-01,NA,1.4,4.7,-0.8,"YF",NA,NA,NA,NA,NA,NA,NA,NA,NA,NA,NA
"264",2033-12-01,NA,-0.2,2.2,-3.4,"YF",NA,NA,NA,NA,NA,NA,NA,NA,NA,NA,NA
"265",2034-01-01,NA,-1.9,1.6,-4.3,"YF",NA,NA,NA,NA,NA,NA,NA,NA,NA,NA,NA
"266",2034-02-01,NA,1,3.8,-2.8,"YF",NA,NA,NA,NA,NA,NA,NA,NA,NA,NA,NA
"267",2034-03-01,NA,1.9,4.6,-2,"YF",NA,NA,NA,NA,NA,NA,NA,NA,NA,NA,NA
"268",2034-04-01,NA,4.5,6.7,1.7,"YF",NA,NA,NA,NA,NA,NA,NA,NA,NA,NA,NA
"269",2034-05-01,NA,7.3,9.2,4.9,"YF",NA,NA,NA,NA,NA,NA,NA,NA,NA,NA,NA
"270",2034-06-01,NA,12.3,14.3,8.4,"YF",NA,NA,NA,NA,NA,NA,NA,NA,NA,NA,NA
"271",2034-07-01,NA,14.1,16.8,11.6,"YF",NA,NA,NA,NA,NA,NA,NA,NA,NA,NA,NA
"272",2034-08-01,NA,13.4,15.7,11.2,"YF",NA,NA,NA,NA,NA,NA,NA,NA,NA,NA,NA
"273",2034-09-01,NA,10.5,12.3,8.6,"YF",NA,NA,NA,NA,NA,NA,NA,NA,NA,NA,NA
"274",2034-10-01,NA,7.1,10.7,5.7,"YF",NA,NA,NA,NA,NA,NA,NA,NA,NA,NA,NA
"275",2034-11-01,NA,1.4,4.3,-1,"YF",NA,NA,NA,NA,NA,NA,NA,NA,NA,NA,NA
"276",2034-12-01,NA,-2.3,1.1,-4.9,"YF",NA,NA,NA,NA,NA,NA,NA,NA,NA,NA,NA
"277",2035-01-01,NA,-3.6,-1,-9.5,"YF",NA,NA,NA,NA,NA,NA,NA,NA,NA,NA,NA
"278",2035-02-01,NA,-0.2,0.4,-5.6,"YF",NA,NA,NA,NA,NA,NA,NA,NA,NA,NA,NA
"279",2035-03-01,NA,-0.2,2,-5.4,"YF",NA,NA,NA,NA,NA,NA,NA,NA,NA,NA,NA
"280",2035-04-01,NA,3.2,5.1,-0.9,"YF",NA,NA,NA,NA,NA,NA,NA,NA,NA,NA,NA
"281",2035-05-01,NA,7.5,10.2,4.9,"YF",NA,NA,NA,NA,NA,NA,NA,NA,NA,NA,NA
"282",2035-06-01,NA,11,14.3,8.9,"YF",NA,NA,NA,NA,NA,NA,NA,NA,NA,NA,NA
"283",2035-07-01,NA,13.7,16.7,11.8,"YF",NA,NA,NA,NA,NA,NA,NA,NA,NA,NA,NA
"284",2035-08-01,NA,13.4,16.4,11.6,"YF",NA,NA,NA,NA,NA,NA,NA,NA,NA,NA,NA
"285",2035-09-01,NA,10.2,12.4,8.1,"YF",NA,NA,NA,NA,NA,NA,NA,NA,NA,NA,NA
"286",2035-10-01,NA,6.1,8.4,3.8,"YF",NA,NA,NA,NA,NA,NA,NA,NA,NA,NA,NA
"287",2035-11-01,NA,0,2.7,-4.8,"YF",NA,NA,NA,NA,NA,NA,NA,NA,NA,NA,NA
"288",2035-12-01,NA,-2.7,0.9,-7,"YF",NA,NA,NA,NA,NA,NA,NA,NA,NA,NA,NA
"289",2036-01-01,NA,-2.3,0.3,-7.4,"YF",NA,NA,NA,NA,NA,NA,NA,NA,NA,NA,NA
"290",2036-02-01,NA,-0.8,2.6,-4.2,"YF",NA,NA,NA,NA,NA,NA,NA,NA,NA,NA,NA
"291",2036-03-01,NA,0.8,3,-3.7,"YF",NA,NA,NA,NA,NA,NA,NA,NA,NA,NA,NA
"292",2036-04-01,NA,4,6.7,-0.5,"YF",NA,NA,NA,NA,NA,NA,NA,NA,NA,NA,NA
"293",2036-05-01,NA,7.3,10.3,3.9,"YF",NA,NA,NA,NA,NA,NA,NA,NA,NA,NA,NA
"294",2036-06-01,NA,11.4,15.1,9.3,"YF",NA,NA,NA,NA,NA,NA,NA,NA,NA,NA,NA
"295",2036-07-01,NA,13.9,17.2,12,"YF",NA,NA,NA,NA,NA,NA,NA,NA,NA,NA,NA
"296",2036-08-01,NA,13.4,16.1,11.7,"YF",NA,NA,NA,NA,NA,NA,NA,NA,NA,NA,NA
"297",2036-09-01,NA,10.8,13.3,8.6,"YF",NA,NA,NA,NA,NA,NA,NA,NA,NA,NA,NA
"298",2036-10-01,NA,6.9,8.8,3.2,"YF",NA,NA,NA,NA,NA,NA,NA,NA,NA,NA,NA
"299",2036-11-01,NA,-0.3,3.6,-3.2,"YF",NA,NA,NA,NA,NA,NA,NA,NA,NA,NA,NA
"300",2036-12-01,NA,-1.2,1,-5.8,"YF",NA,NA,NA,NA,NA,NA,NA,NA,NA,NA,NA
"301",2037-01-01,NA,-1.6,0.5,-7,"YF",NA,NA,NA,NA,NA,NA,NA,NA,NA,NA,NA
"302",2037-02-01,NA,1.4,4.7,-1,"YF",NA,NA,NA,NA,NA,NA,NA,NA,NA,NA,NA
"303",2037-03-01,NA,3.2,6.6,1.7,"YF",NA,NA,NA,NA,NA,NA,NA,NA,NA,NA,NA
"304",2037-04-01,NA,5.7,8.2,3.2,"YF",NA,NA,NA,NA,NA,NA,NA,NA,NA,NA,NA
"305",2037-05-01,NA,8.4,10.4,5.8,"YF",NA,NA,NA,NA,NA,NA,NA,NA,NA,NA,NA
"306",2037-06-01,NA,12.7,14.6,9,"YF",NA,NA,NA,NA,NA,NA,NA,NA,NA,NA,NA
"307",2037-07-01,NA,14,16.4,12,"YF",NA,NA,NA,NA,NA,NA,NA,NA,NA,NA,NA
"308",2037-08-01,NA,13.2,15.3,11.2,"YF",NA,NA,NA,NA,NA,NA,NA,NA,NA,NA,NA
"309",2037-09-01,NA,10.5,13.1,7.9,"YF",NA,NA,NA,NA,NA,NA,NA,NA,NA,NA,NA
"310",2037-10-01,NA,7.3,9.1,4.9,"YF",NA,NA,NA,NA,NA,NA,NA,NA,NA,NA,NA
"311",2037-11-01,NA,0.2,2.8,-3.7,"YF",NA,NA,NA,NA,NA,NA,NA,NA,NA,NA,NA
"312",2037-12-01,NA,-1.5,1.9,-5.7,"YF",NA,NA,NA,NA,NA,NA,NA,NA,NA,NA,NA
"313",2038-01-01,NA,-0.9,2.4,-5.3,"YF",NA,NA,NA,NA,NA,NA,NA,NA,NA,NA,NA
"314",2038-02-01,NA,-1,3,-4.3,"YF",NA,NA,NA,NA,NA,NA,NA,NA,NA,NA,NA
"315",2038-03-01,NA,2.5,5,-1.1,"YF",NA,NA,NA,NA,NA,NA,NA,NA,NA,NA,NA
"316",2038-04-01,NA,4.8,7.1,1.8,"YF",NA,NA,NA,NA,NA,NA,NA,NA,NA,NA,NA
"317",2038-05-01,NA,7.9,9.9,5.1,"YF",NA,NA,NA,NA,NA,NA,NA,NA,NA,NA,NA
"318",2038-06-01,NA,11.7,14,9,"YF",NA,NA,NA,NA,NA,NA,NA,NA,NA,NA,NA
"319",2038-07-01,NA,13.7,15.9,11.1,"YF",NA,NA,NA,NA,NA,NA,NA,NA,NA,NA,NA
"320",2038-08-01,NA,13.2,16.6,10.6,"YF",NA,NA,NA,NA,NA,NA,NA,NA,NA,NA,NA
"321",2038-09-01,NA,10.9,12.6,8.2,"YF",NA,NA,NA,NA,NA,NA,NA,NA,NA,NA,NA
"322",2038-10-01,NA,6.1,8.1,3.3,"YF",NA,NA,NA,NA,NA,NA,NA,NA,NA,NA,NA
"323",2038-11-01,NA,0.2,2.2,-4,"YF",NA,NA,NA,NA,NA,NA,NA,NA,NA,NA,NA
"324",2038-12-01,NA,1.9,3.8,-1.7,"YF",NA,NA,NA,NA,NA,NA,NA,NA,NA,NA,NA
"325",2039-01-01,NA,-2.1,1,-6.7,"YF",NA,NA,NA,NA,NA,NA,NA,NA,NA,NA,NA
"326",2039-02-01,NA,0.9,4.3,-2.3,"YF",NA,NA,NA,NA,NA,NA,NA,NA,NA,NA,NA
"327",2039-03-01,NA,1.9,4.4,-1.4,"YF",NA,NA,NA,NA,NA,NA,NA,NA,NA,NA,NA
"328",2039-04-01,NA,3.3,6.3,0.1,"YF",NA,NA,NA,NA,NA,NA,NA,NA,NA,NA,NA
"329",2039-05-01,NA,8,10.4,5.4,"YF",NA,NA,NA,NA,NA,NA,NA,NA,NA,NA,NA
"330",2039-06-01,NA,11.2,15.4,9,"YF",NA,NA,NA,NA,NA,NA,NA,NA,NA,NA,NA
"331",2039-07-01,NA,14.2,17.1,12.4,"YF",NA,NA,NA,NA,NA,NA,NA,NA,NA,NA,NA
"332",2039-08-01,NA,13.9,16.2,11.9,"YF",NA,NA,NA,NA,NA,NA,NA,NA,NA,NA,NA
"333",2039-09-01,NA,10.6,12.7,8.5,"YF",NA,NA,NA,NA,NA,NA,NA,NA,NA,NA,NA
"334",2039-10-01,NA,7.7,10,5.4,"YF",NA,NA,NA,NA,NA,NA,NA,NA,NA,NA,NA
"335",2039-11-01,NA,3.5,5.3,-0.5,"YF",NA,NA,NA,NA,NA,NA,NA,NA,NA,NA,NA
"336",2039-12-01,NA,1.1,3.3,-2.5,"YF",NA,NA,NA,NA,NA,NA,NA,NA,NA,NA,NA
"337",2040-01-01,NA,0.5,3.4,-3.9,"YF",NA,NA,NA,NA,NA,NA,NA,NA,NA,NA,NA
"338",2040-02-01,NA,4,7.1,0.9,"YF",NA,NA,NA,NA,NA,NA,NA,NA,NA,NA,NA
"339",2040-03-01,NA,2.3,4.9,-1.5,"YF",NA,NA,NA,NA,NA,NA,NA,NA,NA,NA,NA
"340",2040-04-01,NA,4.5,7.3,1.5,"YF",NA,NA,NA,NA,NA,NA,NA,NA,NA,NA,NA
"341",2040-05-01,NA,9.3,11.9,6.4,"YF",NA,NA,NA,NA,NA,NA,NA,NA,NA,NA,NA
"342",2040-06-01,NA,12.6,15.1,9.4,"YF",NA,NA,NA,NA,NA,NA,NA,NA,NA,NA,NA
"343",2040-07-01,NA,14.1,16.4,11.8,"YF",NA,NA,NA,NA,NA,NA,NA,NA,NA,NA,NA
"344",2040-08-01,NA,14.1,17.3,11.8,"YF",NA,NA,NA,NA,NA,NA,NA,NA,NA,NA,NA
"345",2040-09-01,NA,11,13.5,8.3,"YF",NA,NA,NA,NA,NA,NA,NA,NA,NA,NA,NA
"346",2040-10-01,NA,6.5,8.2,3,"YF",NA,NA,NA,NA,NA,NA,NA,NA,NA,NA,NA
"347",2040-11-01,NA,1.7,4,-2.8,"YF",NA,NA,NA,NA,NA,NA,NA,NA,NA,NA,NA
"348",2040-12-01,NA,-2.5,-0.5,-6.5,"YF",NA,NA,NA,NA,NA,NA,NA,NA,NA,NA,NA
"349",2041-01-01,NA,-4.2,0.6,-7.5,"YF",NA,NA,NA,NA,NA,NA,NA,NA,NA,NA,NA
"350",2041-02-01,NA,0.6,3,-4,"YF",NA,NA,NA,NA,NA,NA,NA,NA,NA,NA,NA
"351",2041-03-01,NA,1.2,4.5,-3.8,"YF",NA,NA,NA,NA,NA,NA,NA,NA,NA,NA,NA
"352",2041-04-01,NA,4.5,6.6,2.6,"YF",NA,NA,NA,NA,NA,NA,NA,NA,NA,NA,NA
"353",2041-05-01,NA,8,10.6,5.7,"YF",NA,NA,NA,NA,NA,NA,NA,NA,NA,NA,NA
"354",2041-06-01,NA,12.3,14.6,9.5,"YF",NA,NA,NA,NA,NA,NA,NA,NA,NA,NA,NA
"355",2041-07-01,NA,14.2,17.6,12.4,"YF",NA,NA,NA,NA,NA,NA,NA,NA,NA,NA,NA
"356",2041-08-01,NA,13.9,16.2,11.7,"YF",NA,NA,NA,NA,NA,NA,NA,NA,NA,NA,NA
"357",2041-09-01,NA,10.7,12.9,8.7,"YF",NA,NA,NA,NA,NA,NA,NA,NA,NA,NA,NA
"358",2041-10-01,NA,7.5,9.1,4,"YF",NA,NA,NA,NA,NA,NA,NA,NA,NA,NA,NA
"359",2041-11-01,NA,-0.9,0.6,-5.3,"YF",NA,NA,NA,NA,NA,NA,NA,NA,NA,NA,NA
"360",2041-12-01,NA,-1.7,1.8,-4.9,"YF",NA,NA,NA,NA,NA,NA,NA,NA,NA,NA,NA
"361",2042-01-01,NA,-1.1,1,-7.1,"YF",NA,NA,NA,NA,NA,NA,NA,NA,NA,NA,NA
"362",2042-02-01,NA,1.5,3.3,-1.7,"YF",NA,NA,NA,NA,NA,NA,NA,NA,NA,NA,NA
"363",2042-03-01,NA,2.1,4,-2.5,"YF",NA,NA,NA,NA,NA,NA,NA,NA,NA,NA,NA
"364",2042-04-01,NA,4.3,6.7,1.5,"YF",NA,NA,NA,NA,NA,NA,NA,NA,NA,NA,NA
"365",2042-05-01,NA,8.2,10.1,5.9,"YF",NA,NA,NA,NA,NA,NA,NA,NA,NA,NA,NA
"366",2042-06-01,NA,11.5,14,8.2,"YF",NA,NA,NA,NA,NA,NA,NA,NA,NA,NA,NA
"367",2042-07-01,NA,14.9,16.9,11.6,"YF",NA,NA,NA,NA,NA,NA,NA,NA,NA,NA,NA
"368",2042-08-01,NA,14.1,16.4,11.7,"YF",NA,NA,NA,NA,NA,NA,NA,NA,NA,NA,NA
"369",2042-09-01,NA,11,13.5,9.6,"YF",NA,NA,NA,NA,NA,NA,NA,NA,NA,NA,NA
"370",2042-10-01,NA,8,10.5,4.3,"YF",NA,NA,NA,NA,NA,NA,NA,NA,NA,NA,NA
"371",2042-11-01,NA,1.2,4.2,-2.2,"YF",NA,NA,NA,NA,NA,NA,NA,NA,NA,NA,NA
"372",2042-12-01,NA,-2.6,1.1,-5.6,"YF",NA,NA,NA,NA,NA,NA,NA,NA,NA,NA,NA
"373",2043-01-01,NA,-1.8,1.4,-6.9,"YF",NA,NA,NA,NA,NA,NA,NA,NA,NA,NA,NA
"374",2043-02-01,NA,0.3,3,-3.1,"YF",NA,NA,NA,NA,NA,NA,NA,NA,NA,NA,NA
"375",2043-03-01,NA,0.9,4.1,-3.3,"YF",NA,NA,NA,NA,NA,NA,NA,NA,NA,NA,NA
"376",2043-04-01,NA,4.1,6,1.2,"YF",NA,NA,NA,NA,NA,NA,NA,NA,NA,NA,NA
"377",2043-05-01,NA,7.7,9.8,4.7,"YF",NA,NA,NA,NA,NA,NA,NA,NA,NA,NA,NA
"378",2043-06-01,NA,12.8,15.3,9.3,"YF",NA,NA,NA,NA,NA,NA,NA,NA,NA,NA,NA
"379",2043-07-01,NA,14.8,16.1,11.8,"YF",NA,NA,NA,NA,NA,NA,NA,NA,NA,NA,NA
"380",2043-08-01,NA,13.6,15.7,10.4,"YF",NA,NA,NA,NA,NA,NA,NA,NA,NA,NA,NA
"381",2043-09-01,NA,10.8,13,8.4,"YF",NA,NA,NA,NA,NA,NA,NA,NA,NA,NA,NA
"382",2043-10-01,NA,7,9.4,4.3,"YF",NA,NA,NA,NA,NA,NA,NA,NA,NA,NA,NA
"383",2043-11-01,NA,1.3,4.2,-2.4,"YF",NA,NA,NA,NA,NA,NA,NA,NA,NA,NA,NA
"384",2043-12-01,NA,-3.6,1,-6.5,"YF",NA,NA,NA,NA,NA,NA,NA,NA,NA,NA,NA
"385",2044-01-01,NA,0.7,1.3,-4.5,"YF",NA,NA,NA,NA,NA,NA,NA,NA,NA,NA,NA
"386",2044-02-01,NA,1.6,2.8,-3.2,"YF",NA,NA,NA,NA,NA,NA,NA,NA,NA,NA,NA
"387",2044-03-01,NA,2.9,5.1,0.1,"YF",NA,NA,NA,NA,NA,NA,NA,NA,NA,NA,NA
"388",2044-04-01,NA,5.5,7.9,2,"YF",NA,NA,NA,NA,NA,NA,NA,NA,NA,NA,NA
"389",2044-05-01,NA,8.1,9.5,4.2,"YF",NA,NA,NA,NA,NA,NA,NA,NA,NA,NA,NA
"390",2044-06-01,NA,13.1,15.5,9.4,"YF",NA,NA,NA,NA,NA,NA,NA,NA,NA,NA,NA
"391",2044-07-01,NA,15.1,17.7,12.4,"YF",NA,NA,NA,NA,NA,NA,NA,NA,NA,NA,NA
"392",2044-08-01,NA,13.3,16.2,11.5,"YF",NA,NA,NA,NA,NA,NA,NA,NA,NA,NA,NA
"393",2044-09-01,NA,11.6,13.8,10.2,"YF",NA,NA,NA,NA,NA,NA,NA,NA,NA,NA,NA
"394",2044-10-01,NA,7.8,10.3,4.1,"YF",NA,NA,NA,NA,NA,NA,NA,NA,NA,NA,NA
"395",2044-11-01,NA,1.1,3.8,-3.2,"YF",NA,NA,NA,NA,NA,NA,NA,NA,NA,NA,NA
"396",2044-12-01,NA,-1.7,-1,-6.8,"YF",NA,NA,NA,NA,NA,NA,NA,NA,NA,NA,NA
"397",2045-01-01,NA,-0.4,0.4,-4.6,"YF",NA,NA,NA,NA,NA,NA,NA,NA,NA,NA,NA
"398",2045-02-01,NA,-1.6,2.8,-4,"YF",NA,NA,NA,NA,NA,NA,NA,NA,NA,NA,NA
"399",2045-03-01,NA,1,4.4,-1.6,"YF",NA,NA,NA,NA,NA,NA,NA,NA,NA,NA,NA
"400",2045-04-01,NA,4.4,6.6,1.7,"YF",NA,NA,NA,NA,NA,NA,NA,NA,NA,NA,NA
"401",2045-05-01,NA,8.3,11,5.3,"YF",NA,NA,NA,NA,NA,NA,NA,NA,NA,NA,NA
"402",2045-06-01,NA,12.3,14.5,9.4,"YF",NA,NA,NA,NA,NA,NA,NA,NA,NA,NA,NA
"403",2045-07-01,NA,15,17.4,12.8,"YF",NA,NA,NA,NA,NA,NA,NA,NA,NA,NA,NA
"404",2045-08-01,NA,13.5,16.1,11.8,"YF",NA,NA,NA,NA,NA,NA,NA,NA,NA,NA,NA
"405",2045-09-01,NA,11.3,15,9,"YF",NA,NA,NA,NA,NA,NA,NA,NA,NA,NA,NA
"406",2045-10-01,NA,5.8,8.8,3.4,"YF",NA,NA,NA,NA,NA,NA,NA,NA,NA,NA,NA
"407",2045-11-01,NA,1.1,3.6,-2.2,"YF",NA,NA,NA,NA,NA,NA,NA,NA,NA,NA,NA
"408",2045-12-01,NA,1.3,3.3,-4.1,"YF",NA,NA,NA,NA,NA,NA,NA,NA,NA,NA,NA
"409",2046-01-01,NA,-0.9,1.4,-5.9,"YF",NA,NA,NA,NA,NA,NA,NA,NA,NA,NA,NA
"410",2046-02-01,NA,0.2,1.8,-4.9,"YF",NA,NA,NA,NA,NA,NA,NA,NA,NA,NA,NA
"411",2046-03-01,NA,2.9,4.6,-2.6,"YF",NA,NA,NA,NA,NA,NA,NA,NA,NA,NA,NA
"412",2046-04-01,NA,4.4,6.8,0.1,"YF",NA,NA,NA,NA,NA,NA,NA,NA,NA,NA,NA
"413",2046-05-01,NA,8.1,10.3,5.6,"YF",NA,NA,NA,NA,NA,NA,NA,NA,NA,NA,NA
"414",2046-06-01,NA,12,13.9,8.9,"YF",NA,NA,NA,NA,NA,NA,NA,NA,NA,NA,NA
"415",2046-07-01,NA,14.2,15.9,10.9,"YF",NA,NA,NA,NA,NA,NA,NA,NA,NA,NA,NA
"416",2046-08-01,NA,13.9,16.2,9.9,"YF",NA,NA,NA,NA,NA,NA,NA,NA,NA,NA,NA
"417",2046-09-01,NA,10.6,12.4,7.7,"YF",NA,NA,NA,NA,NA,NA,NA,NA,NA,NA,NA
"418",2046-10-01,NA,7,8.8,3.3,"YF",NA,NA,NA,NA,NA,NA,NA,NA,NA,NA,NA
"419",2046-11-01,NA,1.7,3.8,-2.9,"YF",NA,NA,NA,NA,NA,NA,NA,NA,NA,NA,NA
"420",2046-12-01,NA,-1,0.6,-6.8,"YF",NA,NA,NA,NA,NA,NA,NA,NA,NA,NA,NA
"421",2047-01-01,NA,-0.8,1.5,-3.9,"YF",NA,NA,NA,NA,NA,NA,NA,NA,NA,NA,NA
"422",2047-02-01,NA,0.6,2.3,-3.3,"YF",NA,NA,NA,NA,NA,NA,NA,NA,NA,NA,NA
"423",2047-03-01,NA,2.7,5.2,-0.8,"YF",NA,NA,NA,NA,NA,NA,NA,NA,NA,NA,NA
"424",2047-04-01,NA,4.4,7.2,1.7,"YF",NA,NA,NA,NA,NA,NA,NA,NA,NA,NA,NA
"425",2047-05-01,NA,8.2,10.7,5.5,"YF",NA,NA,NA,NA,NA,NA,NA,NA,NA,NA,NA
"426",2047-06-01,NA,12.3,15.6,9.6,"YF",NA,NA,NA,NA,NA,NA,NA,NA,NA,NA,NA
"427",2047-07-01,NA,14.1,16.1,11.5,"YF",NA,NA,NA,NA,NA,NA,NA,NA,NA,NA,NA
"428",2047-08-01,NA,13.8,16.3,11.8,"YF",NA,NA,NA,NA,NA,NA,NA,NA,NA,NA,NA
"429",2047-09-01,NA,10.7,12.8,8.4,"YF",NA,NA,NA,NA,NA,NA,NA,NA,NA,NA,NA
"430",2047-10-01,NA,6.8,9.2,4.8,"YF",NA,NA,NA,NA,NA,NA,NA,NA,NA,NA,NA
"431",2047-11-01,NA,0.5,4.3,-2.5,"YF",NA,NA,NA,NA,NA,NA,NA,NA,NA,NA,NA
"432",2047-12-01,NA,1,3.8,-1.7,"YF",NA,NA,NA,NA,NA,NA,NA,NA,NA,NA,NA
"433",2048-01-01,NA,-1.3,2.3,-4.4,"YF",NA,NA,NA,NA,NA,NA,NA,NA,NA,NA,NA
"434",2048-02-01,NA,2.6,5.6,-1.9,"YF",NA,NA,NA,NA,NA,NA,NA,NA,NA,NA,NA
"435",2048-03-01,NA,1.6,5.8,-2.1,"YF",NA,NA,NA,NA,NA,NA,NA,NA,NA,NA,NA
"436",2048-04-01,NA,3.8,7.1,0.9,"YF",NA,NA,NA,NA,NA,NA,NA,NA,NA,NA,NA
"437",2048-05-01,NA,7.9,11.7,6.6,"YF",NA,NA,NA,NA,NA,NA,NA,NA,NA,NA,NA
"438",2048-06-01,NA,12,15.7,9.7,"YF",NA,NA,NA,NA,NA,NA,NA,NA,NA,NA,NA
"439",2048-07-01,NA,13.9,16.9,12.2,"YF",NA,NA,NA,NA,NA,NA,NA,NA,NA,NA,NA
"440",2048-08-01,NA,13.6,16.4,11.6,"YF",NA,NA,NA,NA,NA,NA,NA,NA,NA,NA,NA
"441",2048-09-01,NA,10.8,12.9,7.9,"YF",NA,NA,NA,NA,NA,NA,NA,NA,NA,NA,NA
"442",2048-10-01,NA,6.7,9.4,3.8,"YF",NA,NA,NA,NA,NA,NA,NA,NA,NA,NA,NA
"443",2048-11-01,NA,2.1,4.5,-1.8,"YF",NA,NA,NA,NA,NA,NA,NA,NA,NA,NA,NA
"444",2048-12-01,NA,0.1,3.4,-3.7,"YF",NA,NA,NA,NA,NA,NA,NA,NA,NA,NA,NA
"445",2049-01-01,NA,-1.4,1.6,-4.6,"YF",NA,NA,NA,NA,NA,NA,NA,NA,NA,NA,NA
"446",2049-02-01,NA,0.7,4.1,-2.2,"YF",NA,NA,NA,NA,NA,NA,NA,NA,NA,NA,NA
"447",2049-03-01,NA,2.7,5.6,-0.7,"YF",NA,NA,NA,NA,NA,NA,NA,NA,NA,NA,NA
"448",2049-04-01,NA,4,7.1,1.1,"YF",NA,NA,NA,NA,NA,NA,NA,NA,NA,NA,NA
"449",2049-05-01,NA,8.6,11.5,5.6,"YF",NA,NA,NA,NA,NA,NA,NA,NA,NA,NA,NA
"450",2049-06-01,NA,12.6,15,9.9,"YF",NA,NA,NA,NA,NA,NA,NA,NA,NA,NA,NA
"451",2049-07-01,NA,15.1,17.2,12.5,"YF",NA,NA,NA,NA,NA,NA,NA,NA,NA,NA,NA
"452",2049-08-01,NA,14.7,16.8,12.3,"YF",NA,NA,NA,NA,NA,NA,NA,NA,NA,NA,NA
"453",2049-09-01,NA,11.5,14,9.4,"YF",NA,NA,NA,NA,NA,NA,NA,NA,NA,NA,NA
"454",2049-10-01,NA,8.3,10,6.6,"YF",NA,NA,NA,NA,NA,NA,NA,NA,NA,NA,NA
"455",2049-11-01,NA,0.9,4,-1.2,"YF",NA,NA,NA,NA,NA,NA,NA,NA,NA,NA,NA
"456",2049-12-01,NA,-0.6,2.9,-2.8,"YF",NA,NA,NA,NA,NA,NA,NA,NA,NA,NA,NA
"457",2050-01-01,NA,-1.2,2,-5.9,"YF",NA,NA,NA,NA,NA,NA,NA,NA,NA,NA,NA
"458",2050-02-01,NA,0.3,2.1,-4.7,"YF",NA,NA,NA,NA,NA,NA,NA,NA,NA,NA,NA
"459",2050-03-01,NA,2,4.2,-0.8,"YF",NA,NA,NA,NA,NA,NA,NA,NA,NA,NA,NA
"460",2050-04-01,NA,4.7,7.5,2.5,"YF",NA,NA,NA,NA,NA,NA,NA,NA,NA,NA,NA
"461",2050-05-01,NA,8.4,11.3,6.2,"YF",NA,NA,NA,NA,NA,NA,NA,NA,NA,NA,NA
"462",2050-06-01,NA,12,14.6,9.2,"YF",NA,NA,NA,NA,NA,NA,NA,NA,NA,NA,NA
"463",2050-07-01,NA,14.4,16.7,12.3,"YF",NA,NA,NA,NA,NA,NA,NA,NA,NA,NA,NA
"464",2050-08-01,NA,13.8,15.7,11.3,"YF",NA,NA,NA,NA,NA,NA,NA,NA,NA,NA,NA
"465",2050-09-01,NA,9.9,13,7.1,"YF",NA,NA,NA,NA,NA,NA,NA,NA,NA,NA,NA
"466",2050-10-01,NA,6.4,8.9,4.7,"YF",NA,NA,NA,NA,NA,NA,NA,NA,NA,NA,NA
"467",2050-11-01,NA,1,4,-1.7,"YF",NA,NA,NA,NA,NA,NA,NA,NA,NA,NA,NA
"468",2050-12-01,NA,-0.4,1.2,-5.5,"YF",NA,NA,NA,NA,NA,NA,NA,NA,NA,NA,NA
"469",2051-01-01,NA,-2.2,0.1,-7.9,"YF",NA,NA,NA,NA,NA,NA,NA,NA,NA,NA,NA
"470",2051-02-01,NA,0.6,2.9,-4.3,"YF",NA,NA,NA,NA,NA,NA,NA,NA,NA,NA,NA
"471",2051-03-01,NA,1.7,4.7,-1,"YF",NA,NA,NA,NA,NA,NA,NA,NA,NA,NA,NA
"472",2051-04-01,NA,4.8,7.3,1.9,"YF",NA,NA,NA,NA,NA,NA,NA,NA,NA,NA,NA
"473",2051-05-01,NA,8.9,11.8,5.8,"YF",NA,NA,NA,NA,NA,NA,NA,NA,NA,NA,NA
"474",2051-06-01,NA,12.4,14.6,9.5,"YF",NA,NA,NA,NA,NA,NA,NA,NA,NA,NA,NA
"475",2051-07-01,NA,15.2,17.2,12.3,"YF",NA,NA,NA,NA,NA,NA,NA,NA,NA,NA,NA
"476",2051-08-01,NA,14.1,16.6,12,"YF",NA,NA,NA,NA,NA,NA,NA,NA,NA,NA,NA
"477",2051-09-01,NA,11.4,14,9.4,"YF",NA,NA,NA,NA,NA,NA,NA,NA,NA,NA,NA
"478",2051-10-01,NA,7.8,9.2,5.1,"YF",NA,NA,NA,NA,NA,NA,NA,NA,NA,NA,NA
"479",2051-11-01,NA,3.1,4.4,-2,"YF",NA,NA,NA,NA,NA,NA,NA,NA,NA,NA,NA
"480",2051-12-01,NA,-0.1,1.9,-5.1,"YF",NA,NA,NA,NA,NA,NA,NA,NA,NA,NA,NA
"481",2052-01-01,NA,0.7,3.1,-4.4,"YF",NA,NA,NA,NA,NA,NA,NA,NA,NA,NA,NA
"482",2052-02-01,NA,1.6,5.4,-2.3,"YF",NA,NA,NA,NA,NA,NA,NA,NA,NA,NA,NA
"483",2052-03-01,NA,2.6,5.1,-1.9,"YF",NA,NA,NA,NA,NA,NA,NA,NA,NA,NA,NA
"484",2052-04-01,NA,5.3,7.5,1.9,"YF",NA,NA,NA,NA,NA,NA,NA,NA,NA,NA,NA
"485",2052-05-01,NA,9.2,12.5,6.6,"YF",NA,NA,NA,NA,NA,NA,NA,NA,NA,NA,NA
"486",2052-06-01,NA,13.3,15.8,9.8,"YF",NA,NA,NA,NA,NA,NA,NA,NA,NA,NA,NA
"487",2052-07-01,NA,14.8,16.6,12,"YF",NA,NA,NA,NA,NA,NA,NA,NA,NA,NA,NA
"488",2052-08-01,NA,14.1,16.3,11.5,"YF",NA,NA,NA,NA,NA,NA,NA,NA,NA,NA,NA
"489",2052-09-01,NA,11.7,13.9,9,"YF",NA,NA,NA,NA,NA,NA,NA,NA,NA,NA,NA
"490",2052-10-01,NA,7.8,11.1,5,"YF",NA,NA,NA,NA,NA,NA,NA,NA,NA,NA,NA
"491",2052-11-01,NA,1.4,4.5,-1.4,"YF",NA,NA,NA,NA,NA,NA,NA,NA,NA,NA,NA
"492",2052-12-01,NA,-0.5,2.8,-3.2,"YF",NA,NA,NA,NA,NA,NA,NA,NA,NA,NA,NA
"493",2053-01-01,NA,-2.3,1.5,-5.4,"YF",NA,NA,NA,NA,NA,NA,NA,NA,NA,NA,NA
"494",2053-02-01,NA,-0.5,2.4,-4.1,"YF",NA,NA,NA,NA,NA,NA,NA,NA,NA,NA,NA
"495",2053-03-01,NA,1,3.9,-3.1,"YF",NA,NA,NA,NA,NA,NA,NA,NA,NA,NA,NA
"496",2053-04-01,NA,5.7,7.8,2.5,"YF",NA,NA,NA,NA,NA,NA,NA,NA,NA,NA,NA
"497",2053-05-01,NA,8.8,12.2,6.4,"YF",NA,NA,NA,NA,NA,NA,NA,NA,NA,NA,NA
"498",2053-06-01,NA,11.6,14.2,9.7,"YF",NA,NA,NA,NA,NA,NA,NA,NA,NA,NA,NA
"499",2053-07-01,NA,14.7,17.3,12.3,"YF",NA,NA,NA,NA,NA,NA,NA,NA,NA,NA,NA
"500",2053-08-01,NA,14,17.2,12.5,"YF",NA,NA,NA,NA,NA,NA,NA,NA,NA,NA,NA
"501",2053-09-01,NA,10.9,14.3,9.6,"YF",NA,NA,NA,NA,NA,NA,NA,NA,NA,NA,NA
"502",2053-10-01,NA,7.2,9,3.4,"YF",NA,NA,NA,NA,NA,NA,NA,NA,NA,NA,NA
"503",2053-11-01,NA,1.5,3.8,-1.7,"YF",NA,NA,NA,NA,NA,NA,NA,NA,NA,NA,NA
"504",2053-12-01,NA,0.5,2.5,-3.5,"YF",NA,NA,NA,NA,NA,NA,NA,NA,NA,NA,NA
"505",2054-01-01,NA,-2,1.1,-5.5,"YF",NA,NA,NA,NA,NA,NA,NA,NA,NA,NA,NA
"506",2054-02-01,NA,-0.4,3.1,-2.3,"YF",NA,NA,NA,NA,NA,NA,NA,NA,NA,NA,NA
"507",2054-03-01,NA,2.2,4.7,-1.6,"YF",NA,NA,NA,NA,NA,NA,NA,NA,NA,NA,NA
"508",2054-04-01,NA,5.5,7.7,2.3,"YF",NA,NA,NA,NA,NA,NA,NA,NA,NA,NA,NA
"509",2054-05-01,NA,7.8,10.1,4.5,"YF",NA,NA,NA,NA,NA,NA,NA,NA,NA,NA,NA
"510",2054-06-01,NA,11.3,15.7,9.6,"YF",NA,NA,NA,NA,NA,NA,NA,NA,NA,NA,NA
"511",2054-07-01,NA,14.8,18.3,12.7,"YF",NA,NA,NA,NA,NA,NA,NA,NA,NA,NA,NA
"512",2054-08-01,NA,13.7,15.9,11.8,"YF",NA,NA,NA,NA,NA,NA,NA,NA,NA,NA,NA
"513",2054-09-01,NA,11.2,13.1,9.1,"YF",NA,NA,NA,NA,NA,NA,NA,NA,NA,NA,NA
"514",2054-10-01,NA,7.2,9.4,3.8,"YF",NA,NA,NA,NA,NA,NA,NA,NA,NA,NA,NA
"515",2054-11-01,NA,1.3,3.8,-2.9,"YF",NA,NA,NA,NA,NA,NA,NA,NA,NA,NA,NA
"516",2054-12-01,NA,-0.1,2.8,-4.4,"YF",NA,NA,NA,NA,NA,NA,NA,NA,NA,NA,NA
"517",2055-01-01,NA,0.1,3.4,-3,"YF",NA,NA,NA,NA,NA,NA,NA,NA,NA,NA,NA
"518",2055-02-01,NA,2.3,3.6,-3.1,"YF",NA,NA,NA,NA,NA,NA,NA,NA,NA,NA,NA
"519",2055-03-01,NA,2.5,5,-0.8,"YF",NA,NA,NA,NA,NA,NA,NA,NA,NA,NA,NA
"520",2055-04-01,NA,5.9,8.1,3.5,"YF",NA,NA,NA,NA,NA,NA,NA,NA,NA,NA,NA
"521",2055-05-01,NA,8.3,10.2,6,"YF",NA,NA,NA,NA,NA,NA,NA,NA,NA,NA,NA
"522",2055-06-01,NA,12.6,15.2,9.6,"YF",NA,NA,NA,NA,NA,NA,NA,NA,NA,NA,NA
"523",2055-07-01,NA,14.6,17.5,12.6,"YF",NA,NA,NA,NA,NA,NA,NA,NA,NA,NA,NA
"524",2055-08-01,NA,13.9,16.6,12.1,"YF",NA,NA,NA,NA,NA,NA,NA,NA,NA,NA,NA
"525",2055-09-01,NA,11.2,13.7,9.5,"YF",NA,NA,NA,NA,NA,NA,NA,NA,NA,NA,NA
"526",2055-10-01,NA,7.7,9.8,5.3,"YF",NA,NA,NA,NA,NA,NA,NA,NA,NA,NA,NA
"527",2055-11-01,NA,3,3.8,-1.9,"YF",NA,NA,NA,NA,NA,NA,NA,NA,NA,NA,NA
"528",2055-12-01,NA,1,3.4,-2.2,"YF",NA,NA,NA,NA,NA,NA,NA,NA,NA,NA,NA
"529",2056-01-01,NA,-2.1,2.2,-6.6,"YF",NA,NA,NA,NA,NA,NA,NA,NA,NA,NA,NA
"530",2056-02-01,NA,0.9,4.1,-2.9,"YF",NA,NA,NA,NA,NA,NA,NA,NA,NA,NA,NA
"531",2056-03-01,NA,1.2,4.7,-2,"YF",NA,NA,NA,NA,NA,NA,NA,NA,NA,NA,NA
"532",2056-04-01,NA,5.1,6.9,1.6,"YF",NA,NA,NA,NA,NA,NA,NA,NA,NA,NA,NA
"533",2056-05-01,NA,9.2,12.5,5.6,"YF",NA,NA,NA,NA,NA,NA,NA,NA,NA,NA,NA
"534",2056-06-01,NA,13.7,16,10.1,"YF",NA,NA,NA,NA,NA,NA,NA,NA,NA,NA,NA
"535",2056-07-01,NA,14.9,16.9,12.6,"YF",NA,NA,NA,NA,NA,NA,NA,NA,NA,NA,NA
"536",2056-08-01,NA,14.1,16.1,11.9,"YF",NA,NA,NA,NA,NA,NA,NA,NA,NA,NA,NA
"537",2056-09-01,NA,10.9,12.8,8.9,"YF",NA,NA,NA,NA,NA,NA,NA,NA,NA,NA,NA
"538",2056-10-01,NA,7.8,9.9,6.2,"YF",NA,NA,NA,NA,NA,NA,NA,NA,NA,NA,NA
"539",2056-11-01,NA,0.6,3.6,-4,"YF",NA,NA,NA,NA,NA,NA,NA,NA,NA,NA,NA
"540",2056-12-01,NA,0.2,2,-6.4,"YF",NA,NA,NA,NA,NA,NA,NA,NA,NA,NA,NA
"541",2057-01-01,NA,-1.8,1.2,-6.8,"YF",NA,NA,NA,NA,NA,NA,NA,NA,NA,NA,NA
"542",2057-02-01,NA,0.3,4.5,-2.2,"YF",NA,NA,NA,NA,NA,NA,NA,NA,NA,NA,NA
"543",2057-03-01,NA,1,4.5,-2.2,"YF",NA,NA,NA,NA,NA,NA,NA,NA,NA,NA,NA
"544",2057-04-01,NA,4.2,6.7,0.5,"YF",NA,NA,NA,NA,NA,NA,NA,NA,NA,NA,NA
"545",2057-05-01,NA,7.9,9.5,4.9,"YF",NA,NA,NA,NA,NA,NA,NA,NA,NA,NA,NA
"546",2057-06-01,NA,11.4,13.8,8.4,"YF",NA,NA,NA,NA,NA,NA,NA,NA,NA,NA,NA
"547",2057-07-01,NA,14.1,16.9,11.4,"YF",NA,NA,NA,NA,NA,NA,NA,NA,NA,NA,NA
"548",2057-08-01,NA,13.1,15.7,11,"YF",NA,NA,NA,NA,NA,NA,NA,NA,NA,NA,NA
"549",2057-09-01,NA,10.5,12.5,8.3,"YF",NA,NA,NA,NA,NA,NA,NA,NA,NA,NA,NA
"550",2057-10-01,NA,7,8.4,3.7,"YF",NA,NA,NA,NA,NA,NA,NA,NA,NA,NA,NA
"551",2057-11-01,NA,1.3,4.5,-0.7,"YF",NA,NA,NA,NA,NA,NA,NA,NA,NA,NA,NA
"552",2057-12-01,NA,1.1,3.6,-2.6,"YF",NA,NA,NA,NA,NA,NA,NA,NA,NA,NA,NA
"553",2058-01-01,NA,-2.2,0.8,-8,"YF",NA,NA,NA,NA,NA,NA,NA,NA,NA,NA,NA
"554",2058-02-01,NA,0.9,3.5,-3.6,"YF",NA,NA,NA,NA,NA,NA,NA,NA,NA,NA,NA
"555",2058-03-01,NA,1.3,3.8,-3.2,"YF",NA,NA,NA,NA,NA,NA,NA,NA,NA,NA,NA
"556",2058-04-01,NA,3.5,6.4,0.1,"YF",NA,NA,NA,NA,NA,NA,NA,NA,NA,NA,NA
"557",2058-05-01,NA,8.4,10.7,5.1,"YF",NA,NA,NA,NA,NA,NA,NA,NA,NA,NA,NA
"558",2058-06-01,NA,12.6,15.3,8.9,"YF",NA,NA,NA,NA,NA,NA,NA,NA,NA,NA,NA
"559",2058-07-01,NA,14.7,16.3,12,"YF",NA,NA,NA,NA,NA,NA,NA,NA,NA,NA,NA
"560",2058-08-01,NA,14.2,16.6,11.9,"YF",NA,NA,NA,NA,NA,NA,NA,NA,NA,NA,NA
"561",2058-09-01,NA,11.2,12.9,8.6,"YF",NA,NA,NA,NA,NA,NA,NA,NA,NA,NA,NA
"562",2058-10-01,NA,7.7,9.3,5.7,"YF",NA,NA,NA,NA,NA,NA,NA,NA,NA,NA,NA
"563",2058-11-01,NA,0.6,3.7,-3.6,"YF",NA,NA,NA,NA,NA,NA,NA,NA,NA,NA,NA
"564",2058-12-01,NA,-2.8,0.9,-7.3,"YF",NA,NA,NA,NA,NA,NA,NA,NA,NA,NA,NA
"565",2059-01-01,NA,-3.4,-1.4,-7.8,"YF",NA,NA,NA,NA,NA,NA,NA,NA,NA,NA,NA
"566",2059-02-01,NA,0.6,3.3,-4.4,"YF",NA,NA,NA,NA,NA,NA,NA,NA,NA,NA,NA
"567",2059-03-01,NA,2.5,4.9,-2.8,"YF",NA,NA,NA,NA,NA,NA,NA,NA,NA,NA,NA
"568",2059-04-01,NA,3.3,5.8,-0.5,"YF",NA,NA,NA,NA,NA,NA,NA,NA,NA,NA,NA
"569",2059-05-01,NA,7.8,9.5,5,"YF",NA,NA,NA,NA,NA,NA,NA,NA,NA,NA,NA
"570",2059-06-01,NA,11.3,13.9,8.7,"YF",NA,NA,NA,NA,NA,NA,NA,NA,NA,NA,NA
"571",2059-07-01,NA,14.3,16.6,12.1,"YF",NA,NA,NA,NA,NA,NA,NA,NA,NA,NA,NA
"572",2059-08-01,NA,13.6,15.8,11.7,"YF",NA,NA,NA,NA,NA,NA,NA,NA,NA,NA,NA
"573",2059-09-01,NA,11.4,13.8,9.4,"YF",NA,NA,NA,NA,NA,NA,NA,NA,NA,NA,NA
"574",2059-10-01,NA,6.2,9.1,3.5,"YF",NA,NA,NA,NA,NA,NA,NA,NA,NA,NA,NA
"575",2059-11-01,NA,2.8,4.8,0.1,"YF",NA,NA,NA,NA,NA,NA,NA,NA,NA,NA,NA
"576",2059-12-01,NA,1,2.5,-3.7,"YF",NA,NA,NA,NA,NA,NA,NA,NA,NA,NA,NA
"577",2060-01-01,NA,-0.9,2.1,-4.7,"YF",NA,NA,NA,NA,NA,NA,NA,NA,NA,NA,NA
"578",2060-02-01,NA,0.5,3.5,-2.9,"YF",NA,NA,NA,NA,NA,NA,NA,NA,NA,NA,NA
"579",2060-03-01,NA,3.6,5.2,-0.2,"YF",NA,NA,NA,NA,NA,NA,NA,NA,NA,NA,NA
"580",2060-04-01,NA,5.5,8.3,3.4,"YF",NA,NA,NA,NA,NA,NA,NA,NA,NA,NA,NA
"581",2060-05-01,NA,8.6,11,5.9,"YF",NA,NA,NA,NA,NA,NA,NA,NA,NA,NA,NA
"582",2060-06-01,NA,12.4,14.7,9.5,"YF",NA,NA,NA,NA,NA,NA,NA,NA,NA,NA,NA
"583",2060-07-01,NA,14.5,17.6,12.2,"YF",NA,NA,NA,NA,NA,NA,NA,NA,NA,NA,NA
"584",2060-08-01,NA,14,16.8,12.3,"YF",NA,NA,NA,NA,NA,NA,NA,NA,NA,NA,NA
"585",2060-09-01,NA,11.5,14.9,8.6,"YF",NA,NA,NA,NA,NA,NA,NA,NA,NA,NA,NA
"586",2060-10-01,NA,7.1,9.1,3.7,"YF",NA,NA,NA,NA,NA,NA,NA,NA,NA,NA,NA
"587",2060-11-01,NA,1.2,3.4,-3.2,"YF",NA,NA,NA,NA,NA,NA,NA,NA,NA,NA,NA
"588",2060-12-01,NA,0.4,3,-4,"YF",NA,NA,NA,NA,NA,NA,NA,NA,NA,NA,NA
"589",2061-01-01,NA,-0.5,2,-4.1,"YF",NA,NA,NA,NA,NA,NA,NA,NA,NA,NA,NA
"590",2061-02-01,NA,0.4,4.2,-3.1,"YF",NA,NA,NA,NA,NA,NA,NA,NA,NA,NA,NA
"591",2061-03-01,NA,0.8,4.8,-2.1,"YF",NA,NA,NA,NA,NA,NA,NA,NA,NA,NA,NA
"592",2061-04-01,NA,4.1,6.8,0.8,"YF",NA,NA,NA,NA,NA,NA,NA,NA,NA,NA,NA
"593",2061-05-01,NA,8.6,11.8,5.6,"YF",NA,NA,NA,NA,NA,NA,NA,NA,NA,NA,NA
"594",2061-06-01,NA,12.3,15.8,10.2,"YF",NA,NA,NA,NA,NA,NA,NA,NA,NA,NA,NA
"595",2061-07-01,NA,15,17.8,12.9,"YF",NA,NA,NA,NA,NA,NA,NA,NA,NA,NA,NA
"596",2061-08-01,NA,14.1,17,12,"YF",NA,NA,NA,NA,NA,NA,NA,NA,NA,NA,NA
"597",2061-09-01,NA,11.1,14.2,8.6,"YF",NA,NA,NA,NA,NA,NA,NA,NA,NA,NA,NA
"598",2061-10-01,NA,6.9,10,4.6,"YF",NA,NA,NA,NA,NA,NA,NA,NA,NA,NA,NA
"599",2061-11-01,NA,1.9,4.5,-0.8,"YF",NA,NA,NA,NA,NA,NA,NA,NA,NA,NA,NA
"600",2061-12-01,NA,0.8,3.1,-2.6,"YF",NA,NA,NA,NA,NA,NA,NA,NA,NA,NA,NA
"601",2062-01-01,NA,-2,0.8,-6.3,"YF",NA,NA,NA,NA,NA,NA,NA,NA,NA,NA,NA
"602",2062-02-01,NA,-0.4,4,-3.2,"YF",NA,NA,NA,NA,NA,NA,NA,NA,NA,NA,NA
"603",2062-03-01,NA,2.2,5.2,-0.8,"YF",NA,NA,NA,NA,NA,NA,NA,NA,NA,NA,NA
"604",2062-04-01,NA,4.9,7.4,2.4,"YF",NA,NA,NA,NA,NA,NA,NA,NA,NA,NA,NA
"605",2062-05-01,NA,8.8,11.8,6.6,"YF",NA,NA,NA,NA,NA,NA,NA,NA,NA,NA,NA
"606",2062-06-01,NA,11.8,15,9.5,"YF",NA,NA,NA,NA,NA,NA,NA,NA,NA,NA,NA
"607",2062-07-01,NA,14.8,17.4,13.1,"YF",NA,NA,NA,NA,NA,NA,NA,NA,NA,NA,NA
"608",2062-08-01,NA,14.1,17.5,12.5,"YF",NA,NA,NA,NA,NA,NA,NA,NA,NA,NA,NA
"609",2062-09-01,NA,11.5,13.8,8.5,"YF",NA,NA,NA,NA,NA,NA,NA,NA,NA,NA,NA
"610",2062-10-01,NA,7.5,9.7,5.2,"YF",NA,NA,NA,NA,NA,NA,NA,NA,NA,NA,NA
"611",2062-11-01,NA,0.8,3.2,-3.4,"YF",NA,NA,NA,NA,NA,NA,NA,NA,NA,NA,NA
"612",2062-12-01,NA,-0.2,3.3,-2.9,"YF",NA,NA,NA,NA,NA,NA,NA,NA,NA,NA,NA
"613",2063-01-01,NA,-2.3,1.2,-6.1,"YF",NA,NA,NA,NA,NA,NA,NA,NA,NA,NA,NA
"614",2063-02-01,NA,1.5,3.9,-1.9,"YF",NA,NA,NA,NA,NA,NA,NA,NA,NA,NA,NA
"615",2063-03-01,NA,2.9,6,-1.7,"YF",NA,NA,NA,NA,NA,NA,NA,NA,NA,NA,NA
"616",2063-04-01,NA,6.1,8.1,3.6,"YF",NA,NA,NA,NA,NA,NA,NA,NA,NA,NA,NA
"617",2063-05-01,NA,9.5,13.5,6.8,"YF",NA,NA,NA,NA,NA,NA,NA,NA,NA,NA,NA
"618",2063-06-01,NA,12.5,15.7,10.5,"YF",NA,NA,NA,NA,NA,NA,NA,NA,NA,NA,NA
"619",2063-07-01,NA,15,17.4,13.3,"YF",NA,NA,NA,NA,NA,NA,NA,NA,NA,NA,NA
"620",2063-08-01,NA,13.9,17,12.4,"YF",NA,NA,NA,NA,NA,NA,NA,NA,NA,NA,NA
"621",2063-09-01,NA,11,13.7,8.7,"YF",NA,NA,NA,NA,NA,NA,NA,NA,NA,NA,NA
"622",2063-10-01,NA,8.1,10.8,6.5,"YF",NA,NA,NA,NA,NA,NA,NA,NA,NA,NA,NA
"623",2063-11-01,NA,2.5,5.4,-0.2,"YF",NA,NA,NA,NA,NA,NA,NA,NA,NA,NA,NA
"624",2063-12-01,NA,-2.5,0.2,-7.7,"YF",NA,NA,NA,NA,NA,NA,NA,NA,NA,NA,NA
"625",2064-01-01,NA,-1.8,1.5,-5.9,"YF",NA,NA,NA,NA,NA,NA,NA,NA,NA,NA,NA
"626",2064-02-01,NA,0.3,3.5,-5,"YF",NA,NA,NA,NA,NA,NA,NA,NA,NA,NA,NA
"627",2064-03-01,NA,1,4.2,-2.3,"YF",NA,NA,NA,NA,NA,NA,NA,NA,NA,NA,NA
"628",2064-04-01,NA,4.9,8,1.7,"YF",NA,NA,NA,NA,NA,NA,NA,NA,NA,NA,NA
"629",2064-05-01,NA,8.8,11.4,6.4,"YF",NA,NA,NA,NA,NA,NA,NA,NA,NA,NA,NA
"630",2064-06-01,NA,11.9,14.2,9.4,"YF",NA,NA,NA,NA,NA,NA,NA,NA,NA,NA,NA
"631",2064-07-01,NA,13.9,16.7,12.2,"YF",NA,NA,NA,NA,NA,NA,NA,NA,NA,NA,NA
"632",2064-08-01,NA,13.6,15.8,11.7,"YF",NA,NA,NA,NA,NA,NA,NA,NA,NA,NA,NA
"633",2064-09-01,NA,10.8,13.2,8.9,"YF",NA,NA,NA,NA,NA,NA,NA,NA,NA,NA,NA
"634",2064-10-01,NA,7.6,10.1,5.6,"YF",NA,NA,NA,NA,NA,NA,NA,NA,NA,NA,NA
"635",2064-11-01,NA,2.9,5.1,0.4,"YF",NA,NA,NA,NA,NA,NA,NA,NA,NA,NA,NA
"636",2064-12-01,NA,0.4,3,-2.9,"YF",NA,NA,NA,NA,NA,NA,NA,NA,NA,NA,NA
"637",2065-01-01,NA,-1.6,3.3,-3.4,"YF",NA,NA,NA,NA,NA,NA,NA,NA,NA,NA,NA
"638",2065-02-01,NA,1,4.5,-1.4,"YF",NA,NA,NA,NA,NA,NA,NA,NA,NA,NA,NA
"639",2065-03-01,NA,1.4,5.4,-1.6,"YF",NA,NA,NA,NA,NA,NA,NA,NA,NA,NA,NA
"640",2065-04-01,NA,4.7,8,2.1,"YF",NA,NA,NA,NA,NA,NA,NA,NA,NA,NA,NA
"641",2065-05-01,NA,8.8,12.3,5.8,"YF",NA,NA,NA,NA,NA,NA,NA,NA,NA,NA,NA
"642",2065-06-01,NA,13.6,16.3,10.4,"YF",NA,NA,NA,NA,NA,NA,NA,NA,NA,NA,NA
"643",2065-07-01,NA,14.9,16.8,12.1,"YF",NA,NA,NA,NA,NA,NA,NA,NA,NA,NA,NA
"644",2065-08-01,NA,14.1,16.2,11.7,"YF",NA,NA,NA,NA,NA,NA,NA,NA,NA,NA,NA
"645",2065-09-01,NA,12,14.7,10.3,"YF",NA,NA,NA,NA,NA,NA,NA,NA,NA,NA,NA
"646",2065-10-01,NA,7.3,9.8,4.9,"YF",NA,NA,NA,NA,NA,NA,NA,NA,NA,NA,NA
"647",2065-11-01,NA,1.3,4.4,-2.2,"YF",NA,NA,NA,NA,NA,NA,NA,NA,NA,NA,NA
"648",2065-12-01,NA,-1.5,1.3,-5.4,"YF",NA,NA,NA,NA,NA,NA,NA,NA,NA,NA,NA
"649",2066-01-01,NA,-0.5,1.4,-5.8,"YF",NA,NA,NA,NA,NA,NA,NA,NA,NA,NA,NA
"650",2066-02-01,NA,0.8,2.6,-3.9,"YF",NA,NA,NA,NA,NA,NA,NA,NA,NA,NA,NA
"651",2066-03-01,NA,1.5,3.8,-1.8,"YF",NA,NA,NA,NA,NA,NA,NA,NA,NA,NA,NA
"652",2066-04-01,NA,6,7.5,3.3,"YF",NA,NA,NA,NA,NA,NA,NA,NA,NA,NA,NA
"653",2066-05-01,NA,9,11.7,4.8,"YF",NA,NA,NA,NA,NA,NA,NA,NA,NA,NA,NA
"654",2066-06-01,NA,13.3,15.8,9.7,"YF",NA,NA,NA,NA,NA,NA,NA,NA,NA,NA,NA
"655",2066-07-01,NA,16.3,18.7,13.3,"YF",NA,NA,NA,NA,NA,NA,NA,NA,NA,NA,NA
"656",2066-08-01,NA,14.5,17.1,12.6,"YF",NA,NA,NA,NA,NA,NA,NA,NA,NA,NA,NA
"657",2066-09-01,NA,12,13.4,10,"YF",NA,NA,NA,NA,NA,NA,NA,NA,NA,NA,NA
"658",2066-10-01,NA,7.3,10.1,4.4,"YF",NA,NA,NA,NA,NA,NA,NA,NA,NA,NA,NA
"659",2066-11-01,NA,2.4,5,-0.7,"YF",NA,NA,NA,NA,NA,NA,NA,NA,NA,NA,NA
"660",2066-12-01,NA,0,1.4,-7,"YF",NA,NA,NA,NA,NA,NA,NA,NA,NA,NA,NA
"661",2067-01-01,NA,-0.4,1.6,-3.4,"YF",NA,NA,NA,NA,NA,NA,NA,NA,NA,NA,NA
"662",2067-02-01,NA,2.5,4.1,-0.6,"YF",NA,NA,NA,NA,NA,NA,NA,NA,NA,NA,NA
"663",2067-03-01,NA,2.3,4,-2.9,"YF",NA,NA,NA,NA,NA,NA,NA,NA,NA,NA,NA
"664",2067-04-01,NA,4.8,7,2.6,"YF",NA,NA,NA,NA,NA,NA,NA,NA,NA,NA,NA
"665",2067-05-01,NA,8.2,10.7,5.6,"YF",NA,NA,NA,NA,NA,NA,NA,NA,NA,NA,NA
"666",2067-06-01,NA,11.7,15.4,9.8,"YF",NA,NA,NA,NA,NA,NA,NA,NA,NA,NA,NA
"667",2067-07-01,NA,14.6,17.8,12.3,"YF",NA,NA,NA,NA,NA,NA,NA,NA,NA,NA,NA
"668",2067-08-01,NA,13.5,15.6,11.4,"YF",NA,NA,NA,NA,NA,NA,NA,NA,NA,NA,NA
"669",2067-09-01,NA,10.5,13.8,8,"YF",NA,NA,NA,NA,NA,NA,NA,NA,NA,NA,NA
"670",2067-10-01,NA,7,9,4.2,"YF",NA,NA,NA,NA,NA,NA,NA,NA,NA,NA,NA
"671",2067-11-01,NA,2.1,3.4,-2.3,"YF",NA,NA,NA,NA,NA,NA,NA,NA,NA,NA,NA
"672",2067-12-01,NA,-0.2,2,-3.9,"YF",NA,NA,NA,NA,NA,NA,NA,NA,NA,NA,NA
"673",2068-01-01,NA,0.2,2.8,-2.8,"YF",NA,NA,NA,NA,NA,NA,NA,NA,NA,NA,NA
"674",2068-02-01,NA,0.8,3.7,-3.6,"YF",NA,NA,NA,NA,NA,NA,NA,NA,NA,NA,NA
"675",2068-03-01,NA,2.3,4.8,-1.3,"YF",NA,NA,NA,NA,NA,NA,NA,NA,NA,NA,NA
"676",2068-04-01,NA,4.7,7,2.5,"YF",NA,NA,NA,NA,NA,NA,NA,NA,NA,NA,NA
"677",2068-05-01,NA,8.6,11.2,6,"YF",NA,NA,NA,NA,NA,NA,NA,NA,NA,NA,NA
"678",2068-06-01,NA,12.6,15.4,10,"YF",NA,NA,NA,NA,NA,NA,NA,NA,NA,NA,NA
"679",2068-07-01,NA,15.3,17.6,12.9,"YF",NA,NA,NA,NA,NA,NA,NA,NA,NA,NA,NA
"680",2068-08-01,NA,13.9,16.2,11.5,"YF",NA,NA,NA,NA,NA,NA,NA,NA,NA,NA,NA
"681",2068-09-01,NA,11,13.6,9.3,"YF",NA,NA,NA,NA,NA,NA,NA,NA,NA,NA,NA
"682",2068-10-01,NA,7.3,9.4,4.2,"YF",NA,NA,NA,NA,NA,NA,NA,NA,NA,NA,NA
"683",2068-11-01,NA,2.6,5.2,0.3,"YF",NA,NA,NA,NA,NA,NA,NA,NA,NA,NA,NA
"684",2068-12-01,NA,-0.1,1.2,-4.1,"YF",NA,NA,NA,NA,NA,NA,NA,NA,NA,NA,NA
"685",2069-01-01,NA,-1.7,2.7,-5.7,"YF",NA,NA,NA,NA,NA,NA,NA,NA,NA,NA,NA
"686",2069-02-01,NA,1.2,4.7,-3.7,"YF",NA,NA,NA,NA,NA,NA,NA,NA,NA,NA,NA
"687",2069-03-01,NA,3.6,5.6,0.9,"YF",NA,NA,NA,NA,NA,NA,NA,NA,NA,NA,NA
"688",2069-04-01,NA,5.3,7.6,1.8,"YF",NA,NA,NA,NA,NA,NA,NA,NA,NA,NA,NA
"689",2069-05-01,NA,9.4,12.8,6.2,"YF",NA,NA,NA,NA,NA,NA,NA,NA,NA,NA,NA
"690",2069-06-01,NA,13.6,16.9,10.4,"YF",NA,NA,NA,NA,NA,NA,NA,NA,NA,NA,NA
"691",2069-07-01,NA,15.5,17.5,13.4,"YF",NA,NA,NA,NA,NA,NA,NA,NA,NA,NA,NA
"692",2069-08-01,NA,14.2,16.8,12.2,"YF",NA,NA,NA,NA,NA,NA,NA,NA,NA,NA,NA
"693",2069-09-01,NA,11.5,13.9,9.5,"YF",NA,NA,NA,NA,NA,NA,NA,NA,NA,NA,NA
"694",2069-10-01,NA,6.2,8.6,3.9,"YF",NA,NA,NA,NA,NA,NA,NA,NA,NA,NA,NA
"695",2069-11-01,NA,1.6,3.7,-2,"YF",NA,NA,NA,NA,NA,NA,NA,NA,NA,NA,NA
"696",2069-12-01,NA,-0.5,2,-4.5,"YF",NA,NA,NA,NA,NA,NA,NA,NA,NA,NA,NA
"697",2070-01-01,NA,0.2,2.6,-3.2,"YF",NA,NA,NA,NA,NA,NA,NA,NA,NA,NA,NA
"698",2070-02-01,NA,1.7,3.5,-3.6,"YF",NA,NA,NA,NA,NA,NA,NA,NA,NA,NA,NA
"699",2070-03-01,NA,2.6,6.2,-1,"YF",NA,NA,NA,NA,NA,NA,NA,NA,NA,NA,NA
"700",2070-04-01,NA,5.1,7.4,1.2,"YF",NA,NA,NA,NA,NA,NA,NA,NA,NA,NA,NA
"701",2070-05-01,NA,8,11.9,6.2,"YF",NA,NA,NA,NA,NA,NA,NA,NA,NA,NA,NA
"702",2070-06-01,NA,12.5,15.6,10.6,"YF",NA,NA,NA,NA,NA,NA,NA,NA,NA,NA,NA
"703",2070-07-01,NA,14.3,17.5,12.8,"YF",NA,NA,NA,NA,NA,NA,NA,NA,NA,NA,NA
"704",2070-08-01,NA,14.3,16.5,12,"YF",NA,NA,NA,NA,NA,NA,NA,NA,NA,NA,NA
"705",2070-09-01,NA,11.5,14.2,9.7,"YF",NA,NA,NA,NA,NA,NA,NA,NA,NA,NA,NA
"706",2070-10-01,NA,7.8,9.9,6.5,"YF",NA,NA,NA,NA,NA,NA,NA,NA,NA,NA,NA
"707",2070-11-01,NA,1.5,4.9,-1.1,"YF",NA,NA,NA,NA,NA,NA,NA,NA,NA,NA,NA
"708",2070-12-01,NA,-0.5,3,-4.3,"YF",NA,NA,NA,NA,NA,NA,NA,NA,NA,NA,NA
"709",2071-01-01,NA,-3.2,1.1,-7,"YF",NA,NA,NA,NA,NA,NA,NA,NA,NA,NA,NA
"710",2071-02-01,NA,1.8,5,-1.3,"YF",NA,NA,NA,NA,NA,NA,NA,NA,NA,NA,NA
"711",2071-03-01,NA,1.5,5.3,-2.1,"YF",NA,NA,NA,NA,NA,NA,NA,NA,NA,NA,NA
"712",2071-04-01,NA,5,7.3,2.5,"YF",NA,NA,NA,NA,NA,NA,NA,NA,NA,NA,NA
"713",2071-05-01,NA,7.9,10.2,5.7,"YF",NA,NA,NA,NA,NA,NA,NA,NA,NA,NA,NA
"714",2071-06-01,NA,11.8,16.3,9.1,"YF",NA,NA,NA,NA,NA,NA,NA,NA,NA,NA,NA
"715",2071-07-01,NA,15.3,17.6,12.6,"YF",NA,NA,NA,NA,NA,NA,NA,NA,NA,NA,NA
"716",2071-08-01,NA,14.7,17.4,12.4,"YF",NA,NA,NA,NA,NA,NA,NA,NA,NA,NA,NA
"717",2071-09-01,NA,11.3,13.2,9.2,"YF",NA,NA,NA,NA,NA,NA,NA,NA,NA,NA,NA
"718",2071-10-01,NA,8.7,10.3,6.7,"YF",NA,NA,NA,NA,NA,NA,NA,NA,NA,NA,NA
"719",2071-11-01,NA,3.8,6,0.9,"YF",NA,NA,NA,NA,NA,NA,NA,NA,NA,NA,NA
"720",2071-12-01,NA,0.3,2.9,-2.3,"YF",NA,NA,NA,NA,NA,NA,NA,NA,NA,NA,NA
"721",2072-01-01,NA,0.4,3.8,-1.7,"YF",NA,NA,NA,NA,NA,NA,NA,NA,NA,NA,NA
"722",2072-02-01,NA,0.4,4.4,-2.1,"YF",NA,NA,NA,NA,NA,NA,NA,NA,NA,NA,NA
"723",2072-03-01,NA,2.4,4.1,-1.7,"YF",NA,NA,NA,NA,NA,NA,NA,NA,NA,NA,NA
"724",2072-04-01,NA,4.9,6.8,2.4,"YF",NA,NA,NA,NA,NA,NA,NA,NA,NA,NA,NA
"725",2072-05-01,NA,8.4,11.9,5.9,"YF",NA,NA,NA,NA,NA,NA,NA,NA,NA,NA,NA
"726",2072-06-01,NA,12.5,15.4,9.8,"YF",NA,NA,NA,NA,NA,NA,NA,NA,NA,NA,NA
"727",2072-07-01,NA,14.7,17.2,12.1,"YF",NA,NA,NA,NA,NA,NA,NA,NA,NA,NA,NA
"728",2072-08-01,NA,13.9,16.4,12,"YF",NA,NA,NA,NA,NA,NA,NA,NA,NA,NA,NA
"729",2072-09-01,NA,11.4,13.5,9.4,"YF",NA,NA,NA,NA,NA,NA,NA,NA,NA,NA,NA
"730",2072-10-01,NA,7,9.2,3.3,"YF",NA,NA,NA,NA,NA,NA,NA,NA,NA,NA,NA
"731",2072-11-01,NA,1.1,4.2,-0.9,"YF",NA,NA,NA,NA,NA,NA,NA,NA,NA,NA,NA
"732",2072-12-01,NA,-1,2.1,-5.3,"YF",NA,NA,NA,NA,NA,NA,NA,NA,NA,NA,NA
"733",2073-01-01,NA,-0.8,1.5,-5.1,"YF",NA,NA,NA,NA,NA,NA,NA,NA,NA,NA,NA
"734",2073-02-01,NA,1.4,3.4,-4.8,"YF",NA,NA,NA,NA,NA,NA,NA,NA,NA,NA,NA
"735",2073-03-01,NA,1.5,4.6,-2.5,"YF",NA,NA,NA,NA,NA,NA,NA,NA,NA,NA,NA
"736",2073-04-01,NA,4.8,7.1,1.3,"YF",NA,NA,NA,NA,NA,NA,NA,NA,NA,NA,NA
"737",2073-05-01,NA,8.5,10,6,"YF",NA,NA,NA,NA,NA,NA,NA,NA,NA,NA,NA
"738",2073-06-01,NA,12.1,14.4,8.8,"YF",NA,NA,NA,NA,NA,NA,NA,NA,NA,NA,NA
"739",2073-07-01,NA,14.9,17.1,12.1,"YF",NA,NA,NA,NA,NA,NA,NA,NA,NA,NA,NA
"740",2073-08-01,NA,14.4,16.2,12.2,"YF",NA,NA,NA,NA,NA,NA,NA,NA,NA,NA,NA
"741",2073-09-01,NA,12.1,14.5,9.6,"YF",NA,NA,NA,NA,NA,NA,NA,NA,NA,NA,NA
"742",2073-10-01,NA,8.7,10.5,6.2,"YF",NA,NA,NA,NA,NA,NA,NA,NA,NA,NA,NA
"743",2073-11-01,NA,0.8,4.3,-1.3,"YF",NA,NA,NA,NA,NA,NA,NA,NA,NA,NA,NA
"744",2073-12-01,NA,-0.6,1.2,-3.4,"YF",NA,NA,NA,NA,NA,NA,NA,NA,NA,NA,NA
"745",2074-01-01,NA,-1.7,2.9,-4.7,"YF",NA,NA,NA,NA,NA,NA,NA,NA,NA,NA,NA
"746",2074-02-01,NA,0.2,3.4,-2.7,"YF",NA,NA,NA,NA,NA,NA,NA,NA,NA,NA,NA
"747",2074-03-01,NA,3.2,6.4,-0.4,"YF",NA,NA,NA,NA,NA,NA,NA,NA,NA,NA,NA
"748",2074-04-01,NA,4.4,7.5,1.3,"YF",NA,NA,NA,NA,NA,NA,NA,NA,NA,NA,NA
"749",2074-05-01,NA,8.7,11.6,5.9,"YF",NA,NA,NA,NA,NA,NA,NA,NA,NA,NA,NA
"750",2074-06-01,NA,13.3,17.2,10.4,"YF",NA,NA,NA,NA,NA,NA,NA,NA,NA,NA,NA
"751",2074-07-01,NA,15.2,17.7,13.1,"YF",NA,NA,NA,NA,NA,NA,NA,NA,NA,NA,NA
"752",2074-08-01,NA,14.4,16.6,12.5,"YF",NA,NA,NA,NA,NA,NA,NA,NA,NA,NA,NA
"753",2074-09-01,NA,11.2,13.4,8.4,"YF",NA,NA,NA,NA,NA,NA,NA,NA,NA,NA,NA
"754",2074-10-01,NA,7.2,9.8,4.6,"YF",NA,NA,NA,NA,NA,NA,NA,NA,NA,NA,NA
"755",2074-11-01,NA,2.3,4.8,-0.8,"YF",NA,NA,NA,NA,NA,NA,NA,NA,NA,NA,NA
"756",2074-12-01,NA,0.1,1.9,-6.4,"YF",NA,NA,NA,NA,NA,NA,NA,NA,NA,NA,NA
"757",2075-01-01,NA,-0.3,2.3,-5.3,"YF",NA,NA,NA,NA,NA,NA,NA,NA,NA,NA,NA
"758",2075-02-01,NA,2.5,5.1,-1.3,"YF",NA,NA,NA,NA,NA,NA,NA,NA,NA,NA,NA
"759",2075-03-01,NA,3.2,6,-0.4,"YF",NA,NA,NA,NA,NA,NA,NA,NA,NA,NA,NA
"760",2075-04-01,NA,4.6,7.1,2.2,"YF",NA,NA,NA,NA,NA,NA,NA,NA,NA,NA,NA
"761",2075-05-01,NA,8.8,12,6.2,"YF",NA,NA,NA,NA,NA,NA,NA,NA,NA,NA,NA
"762",2075-06-01,NA,13,16.4,10,"YF",NA,NA,NA,NA,NA,NA,NA,NA,NA,NA,NA
"763",2075-07-01,NA,15,17.5,13,"YF",NA,NA,NA,NA,NA,NA,NA,NA,NA,NA,NA
"764",2075-08-01,NA,14.4,17.2,12.5,"YF",NA,NA,NA,NA,NA,NA,NA,NA,NA,NA,NA
"765",2075-09-01,NA,11.4,14.1,9.7,"YF",NA,NA,NA,NA,NA,NA,NA,NA,NA,NA,NA
"766",2075-10-01,NA,7.8,10.1,5.6,"YF",NA,NA,NA,NA,NA,NA,NA,NA,NA,NA,NA
"767",2075-11-01,NA,2.2,5,-0.1,"YF",NA,NA,NA,NA,NA,NA,NA,NA,NA,NA,NA
"768",2075-12-01,NA,0.7,2.6,-2.8,"YF",NA,NA,NA,NA,NA,NA,NA,NA,NA,NA,NA
"769",2076-01-01,NA,0.5,2.8,-3,"YF",NA,NA,NA,NA,NA,NA,NA,NA,NA,NA,NA
"770",2076-02-01,NA,2.1,5.3,-1.8,"YF",NA,NA,NA,NA,NA,NA,NA,NA,NA,NA,NA
"771",2076-03-01,NA,4.2,5.8,-0.6,"YF",NA,NA,NA,NA,NA,NA,NA,NA,NA,NA,NA
"772",2076-04-01,NA,5.9,8.1,2.9,"YF",NA,NA,NA,NA,NA,NA,NA,NA,NA,NA,NA
"773",2076-05-01,NA,8.9,11.2,6.8,"YF",NA,NA,NA,NA,NA,NA,NA,NA,NA,NA,NA
"774",2076-06-01,NA,13.5,15.6,10.3,"YF",NA,NA,NA,NA,NA,NA,NA,NA,NA,NA,NA
"775",2076-07-01,NA,15,17.2,12.7,"YF",NA,NA,NA,NA,NA,NA,NA,NA,NA,NA,NA
"776",2076-08-01,NA,15.3,18,13.3,"YF",NA,NA,NA,NA,NA,NA,NA,NA,NA,NA,NA
"777",2076-09-01,NA,12.4,14.5,9.8,"YF",NA,NA,NA,NA,NA,NA,NA,NA,NA,NA,NA
"778",2076-10-01,NA,8.5,10.1,5.8,"YF",NA,NA,NA,NA,NA,NA,NA,NA,NA,NA,NA
"779",2076-11-01,NA,3.9,5.2,0.4,"YF",NA,NA,NA,NA,NA,NA,NA,NA,NA,NA,NA
"780",2076-12-01,NA,1.9,4.2,-3.1,"YF",NA,NA,NA,NA,NA,NA,NA,NA,NA,NA,NA
"781",2077-01-01,NA,-0.3,1.9,-4.8,"YF",NA,NA,NA,NA,NA,NA,NA,NA,NA,NA,NA
"782",2077-02-01,NA,0.2,3.7,-3.7,"YF",NA,NA,NA,NA,NA,NA,NA,NA,NA,NA,NA
"783",2077-03-01,NA,0.9,4.7,-0.8,"YF",NA,NA,NA,NA,NA,NA,NA,NA,NA,NA,NA
"784",2077-04-01,NA,4.6,7.1,1.4,"YF",NA,NA,NA,NA,NA,NA,NA,NA,NA,NA,NA
"785",2077-05-01,NA,8.3,12,5.3,"YF",NA,NA,NA,NA,NA,NA,NA,NA,NA,NA,NA
"786",2077-06-01,NA,13,16.6,10.1,"YF",NA,NA,NA,NA,NA,NA,NA,NA,NA,NA,NA
"787",2077-07-01,NA,15.4,17.7,13.3,"YF",NA,NA,NA,NA,NA,NA,NA,NA,NA,NA,NA
"788",2077-08-01,NA,14.3,17.5,12.6,"YF",NA,NA,NA,NA,NA,NA,NA,NA,NA,NA,NA
"789",2077-09-01,NA,11.9,14.8,10.4,"YF",NA,NA,NA,NA,NA,NA,NA,NA,NA,NA,NA
"790",2077-10-01,NA,8.1,10.7,6,"YF",NA,NA,NA,NA,NA,NA,NA,NA,NA,NA,NA
"791",2077-11-01,NA,3.2,5.5,0.6,"YF",NA,NA,NA,NA,NA,NA,NA,NA,NA,NA,NA
"792",2077-12-01,NA,-0.1,2.1,-3.5,"YF",NA,NA,NA,NA,NA,NA,NA,NA,NA,NA,NA
"793",2078-01-01,NA,-1.2,2.8,-4.3,"YF",NA,NA,NA,NA,NA,NA,NA,NA,NA,NA,NA
"794",2078-02-01,NA,0.7,4.4,-1.5,"YF",NA,NA,NA,NA,NA,NA,NA,NA,NA,NA,NA
"795",2078-03-01,NA,2.7,5.2,0.2,"YF",NA,NA,NA,NA,NA,NA,NA,NA,NA,NA,NA
"796",2078-04-01,NA,4.1,7.3,1.4,"YF",NA,NA,NA,NA,NA,NA,NA,NA,NA,NA,NA
"797",2078-05-01,NA,7.9,10.8,5.4,"YF",NA,NA,NA,NA,NA,NA,NA,NA,NA,NA,NA
"798",2078-06-01,NA,13.5,15.8,10.3,"YF",NA,NA,NA,NA,NA,NA,NA,NA,NA,NA,NA
"799",2078-07-01,NA,14.9,17,11.9,"YF",NA,NA,NA,NA,NA,NA,NA,NA,NA,NA,NA
"800",2078-08-01,NA,15.2,16.9,12.7,"YF",NA,NA,NA,NA,NA,NA,NA,NA,NA,NA,NA
"801",2078-09-01,NA,11.8,14.4,9.2,"YF",NA,NA,NA,NA,NA,NA,NA,NA,NA,NA,NA
"802",2078-10-01,NA,7.8,9.9,5.5,"YF",NA,NA,NA,NA,NA,NA,NA,NA,NA,NA,NA
"803",2078-11-01,NA,1.1,4.2,-1.5,"YF",NA,NA,NA,NA,NA,NA,NA,NA,NA,NA,NA
"804",2078-12-01,NA,0.7,3.2,-3.7,"YF",NA,NA,NA,NA,NA,NA,NA,NA,NA,NA,NA
"805",2079-01-01,NA,-1.1,1.3,-6.4,"YF",NA,NA,NA,NA,NA,NA,NA,NA,NA,NA,NA
"806",2079-02-01,NA,0.8,3.7,-4.6,"YF",NA,NA,NA,NA,NA,NA,NA,NA,NA,NA,NA
"807",2079-03-01,NA,2.5,4.4,-0.6,"YF",NA,NA,NA,NA,NA,NA,NA,NA,NA,NA,NA
"808",2079-04-01,NA,5,8,2.8,"YF",NA,NA,NA,NA,NA,NA,NA,NA,NA,NA,NA
"809",2079-05-01,NA,9.5,12.8,6.6,"YF",NA,NA,NA,NA,NA,NA,NA,NA,NA,NA,NA
"810",2079-06-01,NA,12.7,15.2,10.2,"YF",NA,NA,NA,NA,NA,NA,NA,NA,NA,NA,NA
"811",2079-07-01,NA,14.2,16.4,12,"YF",NA,NA,NA,NA,NA,NA,NA,NA,NA,NA,NA
"812",2079-08-01,NA,14,16.8,11.6,"YF",NA,NA,NA,NA,NA,NA,NA,NA,NA,NA,NA
"813",2079-09-01,NA,11.7,14,9.2,"YF",NA,NA,NA,NA,NA,NA,NA,NA,NA,NA,NA
"814",2079-10-01,NA,7.3,9.1,4.2,"YF",NA,NA,NA,NA,NA,NA,NA,NA,NA,NA,NA
"815",2079-11-01,NA,3,4.6,-0.7,"YF",NA,NA,NA,NA,NA,NA,NA,NA,NA,NA,NA
"816",2079-12-01,NA,-0.4,1.5,-6,"YF",NA,NA,NA,NA,NA,NA,NA,NA,NA,NA,NA
"817",2080-01-01,NA,-0.3,1.9,-5.5,"YF",NA,NA,NA,NA,NA,NA,NA,NA,NA,NA,NA
"818",2080-02-01,NA,0.8,3.3,-4.2,"YF",NA,NA,NA,NA,NA,NA,NA,NA,NA,NA,NA
"819",2080-03-01,NA,0.6,5.1,-1.6,"YF",NA,NA,NA,NA,NA,NA,NA,NA,NA,NA,NA
"820",2080-04-01,NA,5.2,7.5,3.4,"YF",NA,NA,NA,NA,NA,NA,NA,NA,NA,NA,NA
"821",2080-05-01,NA,8.1,11.5,5.8,"YF",NA,NA,NA,NA,NA,NA,NA,NA,NA,NA,NA
"822",2080-06-01,NA,13.4,16.1,10,"YF",NA,NA,NA,NA,NA,NA,NA,NA,NA,NA,NA
"823",2080-07-01,NA,16.5,19,13.7,"YF",NA,NA,NA,NA,NA,NA,NA,NA,NA,NA,NA
"824",2080-08-01,NA,14.6,17.2,12,"YF",NA,NA,NA,NA,NA,NA,NA,NA,NA,NA,NA
"825",2080-09-01,NA,11.4,14.3,9.4,"YF",NA,NA,NA,NA,NA,NA,NA,NA,NA,NA,NA
"826",2080-10-01,NA,7.4,10.3,4.7,"YF",NA,NA,NA,NA,NA,NA,NA,NA,NA,NA,NA
"827",2080-11-01,NA,2.1,5.2,-0.1,"YF",NA,NA,NA,NA,NA,NA,NA,NA,NA,NA,NA
"828",2080-12-01,NA,-1.9,1.2,-6.2,"YF",NA,NA,NA,NA,NA,NA,NA,NA,NA,NA,NA
"829",2081-01-01,NA,-0.5,1.9,-5.1,"YF",NA,NA,NA,NA,NA,NA,NA,NA,NA,NA,NA
"830",2081-02-01,NA,0.3,3.5,-4.3,"YF",NA,NA,NA,NA,NA,NA,NA,NA,NA,NA,NA
"831",2081-03-01,NA,0.3,3,-4.3,"YF",NA,NA,NA,NA,NA,NA,NA,NA,NA,NA,NA
"832",2081-04-01,NA,5.3,8.3,3,"YF",NA,NA,NA,NA,NA,NA,NA,NA,NA,NA,NA
"833",2081-05-01,NA,9.2,12.3,6.4,"YF",NA,NA,NA,NA,NA,NA,NA,NA,NA,NA,NA
"834",2081-06-01,NA,13.3,16.3,10.3,"YF",NA,NA,NA,NA,NA,NA,NA,NA,NA,NA,NA
"835",2081-07-01,NA,14.4,17.7,12.5,"YF",NA,NA,NA,NA,NA,NA,NA,NA,NA,NA,NA
"836",2081-08-01,NA,14.3,17.4,12.2,"YF",NA,NA,NA,NA,NA,NA,NA,NA,NA,NA,NA
"837",2081-09-01,NA,11.7,13.6,9.6,"YF",NA,NA,NA,NA,NA,NA,NA,NA,NA,NA,NA
"838",2081-10-01,NA,7.5,10.2,5.3,"YF",NA,NA,NA,NA,NA,NA,NA,NA,NA,NA,NA
"839",2081-11-01,NA,1.9,5.2,-0.1,"YF",NA,NA,NA,NA,NA,NA,NA,NA,NA,NA,NA
"840",2081-12-01,NA,0,3.2,-3.4,"YF",NA,NA,NA,NA,NA,NA,NA,NA,NA,NA,NA
"841",2082-01-01,NA,-0.7,1.7,-5.3,"YF",NA,NA,NA,NA,NA,NA,NA,NA,NA,NA,NA
"842",2082-02-01,NA,-0.2,4.5,-3.2,"YF",NA,NA,NA,NA,NA,NA,NA,NA,NA,NA,NA
"843",2082-03-01,NA,1.9,5.6,0,"YF",NA,NA,NA,NA,NA,NA,NA,NA,NA,NA,NA
"844",2082-04-01,NA,5.5,8,3.6,"YF",NA,NA,NA,NA,NA,NA,NA,NA,NA,NA,NA
"845",2082-05-01,NA,8.4,12.7,6.8,"YF",NA,NA,NA,NA,NA,NA,NA,NA,NA,NA,NA
"846",2082-06-01,NA,13.4,16.7,11.2,"YF",NA,NA,NA,NA,NA,NA,NA,NA,NA,NA,NA
"847",2082-07-01,NA,14.2,17.3,12.6,"YF",NA,NA,NA,NA,NA,NA,NA,NA,NA,NA,NA
"848",2082-08-01,NA,14.2,16.3,12.3,"YF",NA,NA,NA,NA,NA,NA,NA,NA,NA,NA,NA
"849",2082-09-01,NA,11.8,13.5,9.2,"YF",NA,NA,NA,NA,NA,NA,NA,NA,NA,NA,NA
"850",2082-10-01,NA,8.3,11.1,6,"YF",NA,NA,NA,NA,NA,NA,NA,NA,NA,NA,NA
"851",2082-11-01,NA,3.9,4.3,0.1,"YF",NA,NA,NA,NA,NA,NA,NA,NA,NA,NA,NA
"852",2082-12-01,NA,-1,1.9,-5.4,"YF",NA,NA,NA,NA,NA,NA,NA,NA,NA,NA,NA
"853",2083-01-01,NA,-1.3,1.6,-5.7,"YF",NA,NA,NA,NA,NA,NA,NA,NA,NA,NA,NA
"854",2083-02-01,NA,2.5,3.1,-3.2,"YF",NA,NA,NA,NA,NA,NA,NA,NA,NA,NA,NA
"855",2083-03-01,NA,3.5,4.8,-1,"YF",NA,NA,NA,NA,NA,NA,NA,NA,NA,NA,NA
"856",2083-04-01,NA,5.6,7.6,2.6,"YF",NA,NA,NA,NA,NA,NA,NA,NA,NA,NA,NA
"857",2083-05-01,NA,9,11.8,5.9,"YF",NA,NA,NA,NA,NA,NA,NA,NA,NA,NA,NA
"858",2083-06-01,NA,13.5,15.9,10.7,"YF",NA,NA,NA,NA,NA,NA,NA,NA,NA,NA,NA
"859",2083-07-01,NA,15.5,17.5,12.6,"YF",NA,NA,NA,NA,NA,NA,NA,NA,NA,NA,NA
"860",2083-08-01,NA,14.6,17.1,12.9,"YF",NA,NA,NA,NA,NA,NA,NA,NA,NA,NA,NA
"861",2083-09-01,NA,12.2,15,9.9,"YF",NA,NA,NA,NA,NA,NA,NA,NA,NA,NA,NA
"862",2083-10-01,NA,7.6,9.5,3.8,"YF",NA,NA,NA,NA,NA,NA,NA,NA,NA,NA,NA
"863",2083-11-01,NA,2.7,5.3,-0.8,"YF",NA,NA,NA,NA,NA,NA,NA,NA,NA,NA,NA
"864",2083-12-01,NA,1.4,2.9,-2.7,"YF",NA,NA,NA,NA,NA,NA,NA,NA,NA,NA,NA
"865",2084-01-01,NA,0.8,3.3,-1.9,"YF",NA,NA,NA,NA,NA,NA,NA,NA,NA,NA,NA
"866",2084-02-01,NA,2.1,5.2,-0.8,"YF",NA,NA,NA,NA,NA,NA,NA,NA,NA,NA,NA
"867",2084-03-01,NA,3,5.8,-0.6,"YF",NA,NA,NA,NA,NA,NA,NA,NA,NA,NA,NA
"868",2084-04-01,NA,5.9,7.8,2.5,"YF",NA,NA,NA,NA,NA,NA,NA,NA,NA,NA,NA
"869",2084-05-01,NA,9,11.3,6.6,"YF",NA,NA,NA,NA,NA,NA,NA,NA,NA,NA,NA
"870",2084-06-01,NA,13.5,15.7,10.3,"YF",NA,NA,NA,NA,NA,NA,NA,NA,NA,NA,NA
"871",2084-07-01,NA,14.6,17.3,12.4,"YF",NA,NA,NA,NA,NA,NA,NA,NA,NA,NA,NA
"872",2084-08-01,NA,14.4,17.1,12.6,"YF",NA,NA,NA,NA,NA,NA,NA,NA,NA,NA,NA
"873",2084-09-01,NA,11.6,14,9.6,"YF",NA,NA,NA,NA,NA,NA,NA,NA,NA,NA,NA
"874",2084-10-01,NA,7.5,10.1,5,"YF",NA,NA,NA,NA,NA,NA,NA,NA,NA,NA,NA
"875",2084-11-01,NA,1.8,4.5,-1.8,"YF",NA,NA,NA,NA,NA,NA,NA,NA,NA,NA,NA
"876",2084-12-01,NA,0.1,3.2,-2.9,"YF",NA,NA,NA,NA,NA,NA,NA,NA,NA,NA,NA
"877",2085-01-01,NA,-2.1,2.1,-3.7,"YF",NA,NA,NA,NA,NA,NA,NA,NA,NA,NA,NA
"878",2085-02-01,NA,0.7,4,-2.7,"YF",NA,NA,NA,NA,NA,NA,NA,NA,NA,NA,NA
"879",2085-03-01,NA,0.8,4.7,-2.1,"YF",NA,NA,NA,NA,NA,NA,NA,NA,NA,NA,NA
"880",2085-04-01,NA,5.2,8,2.8,"YF",NA,NA,NA,NA,NA,NA,NA,NA,NA,NA,NA
"881",2085-05-01,NA,8.7,11.9,6.8,"YF",NA,NA,NA,NA,NA,NA,NA,NA,NA,NA,NA
"882",2085-06-01,NA,12.9,17.5,10.6,"YF",NA,NA,NA,NA,NA,NA,NA,NA,NA,NA,NA
"883",2085-07-01,NA,14.8,18.2,13.2,"YF",NA,NA,NA,NA,NA,NA,NA,NA,NA,NA,NA
"884",2085-08-01,NA,13.9,17.2,12.4,"YF",NA,NA,NA,NA,NA,NA,NA,NA,NA,NA,NA
"885",2085-09-01,NA,11.3,13.8,10.2,"YF",NA,NA,NA,NA,NA,NA,NA,NA,NA,NA,NA
"886",2085-10-01,NA,7.5,9.7,5,"YF",NA,NA,NA,NA,NA,NA,NA,NA,NA,NA,NA
"887",2085-11-01,NA,1.9,4.6,-1.7,"YF",NA,NA,NA,NA,NA,NA,NA,NA,NA,NA,NA
"888",2085-12-01,NA,-2.2,2.2,-4.1,"YF",NA,NA,NA,NA,NA,NA,NA,NA,NA,NA,NA
"889",2086-01-01,NA,1.1,4.2,-2.8,"YF",NA,NA,NA,NA,NA,NA,NA,NA,NA,NA,NA
"890",2086-02-01,NA,2.1,5.1,-2.9,"YF",NA,NA,NA,NA,NA,NA,NA,NA,NA,NA,NA
"891",2086-03-01,NA,3.2,6.1,0.3,"YF",NA,NA,NA,NA,NA,NA,NA,NA,NA,NA,NA
"892",2086-04-01,NA,5,7.6,2.1,"YF",NA,NA,NA,NA,NA,NA,NA,NA,NA,NA,NA
"893",2086-05-01,NA,8.5,10.9,6,"YF",NA,NA,NA,NA,NA,NA,NA,NA,NA,NA,NA
"894",2086-06-01,NA,11.7,14.3,9.3,"YF",NA,NA,NA,NA,NA,NA,NA,NA,NA,NA,NA
"895",2086-07-01,NA,15.5,18.2,12.6,"YF",NA,NA,NA,NA,NA,NA,NA,NA,NA,NA,NA
"896",2086-08-01,NA,13.9,17.2,11.5,"YF",NA,NA,NA,NA,NA,NA,NA,NA,NA,NA,NA
"897",2086-09-01,NA,11.1,13.7,8.7,"YF",NA,NA,NA,NA,NA,NA,NA,NA,NA,NA,NA
"898",2086-10-01,NA,7.8,9.4,5,"YF",NA,NA,NA,NA,NA,NA,NA,NA,NA,NA,NA
"899",2086-11-01,NA,2.6,5.8,0.3,"YF",NA,NA,NA,NA,NA,NA,NA,NA,NA,NA,NA
"900",2086-12-01,NA,-0.2,2,-4.3,"YF",NA,NA,NA,NA,NA,NA,NA,NA,NA,NA,NA
"901",2087-01-01,NA,-1.3,1.9,-4.7,"YF",NA,NA,NA,NA,NA,NA,NA,NA,NA,NA,NA
"902",2087-02-01,NA,1.5,5.2,-1.2,"YF",NA,NA,NA,NA,NA,NA,NA,NA,NA,NA,NA
"903",2087-03-01,NA,2.7,5.7,-0.5,"YF",NA,NA,NA,NA,NA,NA,NA,NA,NA,NA,NA
"904",2087-04-01,NA,6,8.6,3.3,"YF",NA,NA,NA,NA,NA,NA,NA,NA,NA,NA,NA
"905",2087-05-01,NA,8.6,11.2,5.2,"YF",NA,NA,NA,NA,NA,NA,NA,NA,NA,NA,NA
"906",2087-06-01,NA,13.7,16.1,10.4,"YF",NA,NA,NA,NA,NA,NA,NA,NA,NA,NA,NA
"907",2087-07-01,NA,15.1,17.7,12.7,"YF",NA,NA,NA,NA,NA,NA,NA,NA,NA,NA,NA
"908",2087-08-01,NA,14.3,15.8,11.8,"YF",NA,NA,NA,NA,NA,NA,NA,NA,NA,NA,NA
"909",2087-09-01,NA,11.4,13.5,8.4,"YF",NA,NA,NA,NA,NA,NA,NA,NA,NA,NA,NA
"910",2087-10-01,NA,7.2,9,5.2,"YF",NA,NA,NA,NA,NA,NA,NA,NA,NA,NA,NA
"911",2087-11-01,NA,1.3,3.5,-0.9,"YF",NA,NA,NA,NA,NA,NA,NA,NA,NA,NA,NA
"912",2087-12-01,NA,0.1,2.1,-3.5,"YF",NA,NA,NA,NA,NA,NA,NA,NA,NA,NA,NA
"913",2088-01-01,NA,-3.6,-1.7,-8.7,"YF",NA,NA,NA,NA,NA,NA,NA,NA,NA,NA,NA
"914",2088-02-01,NA,-0.8,3.4,-3.7,"YF",NA,NA,NA,NA,NA,NA,NA,NA,NA,NA,NA
"915",2088-03-01,NA,-0.2,3.4,-2.8,"YF",NA,NA,NA,NA,NA,NA,NA,NA,NA,NA,NA
"916",2088-04-01,NA,4.5,7.6,3.1,"YF",NA,NA,NA,NA,NA,NA,NA,NA,NA,NA,NA
"917",2088-05-01,NA,7.7,11.1,5.7,"YF",NA,NA,NA,NA,NA,NA,NA,NA,NA,NA,NA
"918",2088-06-01,NA,12.6,16.4,9.9,"YF",NA,NA,NA,NA,NA,NA,NA,NA,NA,NA,NA
"919",2088-07-01,NA,14.9,18.2,13.1,"YF",NA,NA,NA,NA,NA,NA,NA,NA,NA,NA,NA
"920",2088-08-01,NA,13.7,16.1,11.9,"YF",NA,NA,NA,NA,NA,NA,NA,NA,NA,NA,NA
"921",2088-09-01,NA,11,13.8,9.7,"YF",NA,NA,NA,NA,NA,NA,NA,NA,NA,NA,NA
"922",2088-10-01,NA,7.4,10,5.5,"YF",NA,NA,NA,NA,NA,NA,NA,NA,NA,NA,NA
"923",2088-11-01,NA,1.6,4.6,-1.4,"YF",NA,NA,NA,NA,NA,NA,NA,NA,NA,NA,NA
"924",2088-12-01,NA,-0.5,2.4,-3.5,"YF",NA,NA,NA,NA,NA,NA,NA,NA,NA,NA,NA
"925",2089-01-01,NA,-0.2,2.6,-3.5,"YF",NA,NA,NA,NA,NA,NA,NA,NA,NA,NA,NA
"926",2089-02-01,NA,1,4,-2.4,"YF",NA,NA,NA,NA,NA,NA,NA,NA,NA,NA,NA
"927",2089-03-01,NA,1.3,5.1,-1.5,"YF",NA,NA,NA,NA,NA,NA,NA,NA,NA,NA,NA
"928",2089-04-01,NA,5.2,8.4,3.1,"YF",NA,NA,NA,NA,NA,NA,NA,NA,NA,NA,NA
"929",2089-05-01,NA,8.8,11.3,6.2,"YF",NA,NA,NA,NA,NA,NA,NA,NA,NA,NA,NA
"930",2089-06-01,NA,12.4,15.8,10,"YF",NA,NA,NA,NA,NA,NA,NA,NA,NA,NA,NA
"931",2089-07-01,NA,14.4,17.1,12.2,"YF",NA,NA,NA,NA,NA,NA,NA,NA,NA,NA,NA
"932",2089-08-01,NA,13.7,16.5,12.1,"YF",NA,NA,NA,NA,NA,NA,NA,NA,NA,NA,NA
"933",2089-09-01,NA,11.5,14.8,9.6,"YF",NA,NA,NA,NA,NA,NA,NA,NA,NA,NA,NA
"934",2089-10-01,NA,7.7,9,5.1,"YF",NA,NA,NA,NA,NA,NA,NA,NA,NA,NA,NA
"935",2089-11-01,NA,3.8,5.7,-0.8,"YF",NA,NA,NA,NA,NA,NA,NA,NA,NA,NA,NA
"936",2089-12-01,NA,-1.3,3,-4.5,"YF",NA,NA,NA,NA,NA,NA,NA,NA,NA,NA,NA
"937",2090-01-01,NA,-0.5,2.1,-6.1,"YF",NA,NA,NA,NA,NA,NA,NA,NA,NA,NA,NA
"938",2090-02-01,NA,2.2,4.4,-2.1,"YF",NA,NA,NA,NA,NA,NA,NA,NA,NA,NA,NA
"939",2090-03-01,NA,1.4,4.5,-1.8,"YF",NA,NA,NA,NA,NA,NA,NA,NA,NA,NA,NA
"940",2090-04-01,NA,4.8,7.8,2.6,"YF",NA,NA,NA,NA,NA,NA,NA,NA,NA,NA,NA
"941",2090-05-01,NA,8.7,11.4,6.3,"YF",NA,NA,NA,NA,NA,NA,NA,NA,NA,NA,NA
"942",2090-06-01,NA,12.8,15.9,10.3,"YF",NA,NA,NA,NA,NA,NA,NA,NA,NA,NA,NA
"943",2090-07-01,NA,15.5,18.2,13.3,"YF",NA,NA,NA,NA,NA,NA,NA,NA,NA,NA,NA
"944",2090-08-01,NA,14.7,17.4,13.1,"YF",NA,NA,NA,NA,NA,NA,NA,NA,NA,NA,NA
"945",2090-09-01,NA,11.6,13.8,9.8,"YF",NA,NA,NA,NA,NA,NA,NA,NA,NA,NA,NA
"946",2090-10-01,NA,7.8,9.9,4.2,"YF",NA,NA,NA,NA,NA,NA,NA,NA,NA,NA,NA
"947",2090-11-01,NA,3.6,4.5,-0.5,"YF",NA,NA,NA,NA,NA,NA,NA,NA,NA,NA,NA
"948",2090-12-01,NA,-0.9,1.6,-6.8,"YF",NA,NA,NA,NA,NA,NA,NA,NA,NA,NA,NA
"949",2091-01-01,NA,-1.7,1.2,-6.6,"YF",NA,NA,NA,NA,NA,NA,NA,NA,NA,NA,NA
"950",2091-02-01,NA,1.8,4.1,-2.5,"YF",NA,NA,NA,NA,NA,NA,NA,NA,NA,NA,NA
"951",2091-03-01,NA,2.6,6.4,-0.3,"YF",NA,NA,NA,NA,NA,NA,NA,NA,NA,NA,NA
"952",2091-04-01,NA,6.3,8.8,3.8,"YF",NA,NA,NA,NA,NA,NA,NA,NA,NA,NA,NA
"953",2091-05-01,NA,9.7,11.9,7.1,"YF",NA,NA,NA,NA,NA,NA,NA,NA,NA,NA,NA
"954",2091-06-01,NA,13,17.5,10.6,"YF",NA,NA,NA,NA,NA,NA,NA,NA,NA,NA,NA
"955",2091-07-01,NA,15.3,18,13.1,"YF",NA,NA,NA,NA,NA,NA,NA,NA,NA,NA,NA
"956",2091-08-01,NA,14.5,17.6,12.3,"YF",NA,NA,NA,NA,NA,NA,NA,NA,NA,NA,NA
"957",2091-09-01,NA,10.7,13.4,9.2,"YF",NA,NA,NA,NA,NA,NA,NA,NA,NA,NA,NA
"958",2091-10-01,NA,8.2,9.6,4.7,"YF",NA,NA,NA,NA,NA,NA,NA,NA,NA,NA,NA
"959",2091-11-01,NA,1.5,4.7,-0.4,"YF",NA,NA,NA,NA,NA,NA,NA,NA,NA,NA,NA
"960",2091-12-01,NA,3.4,5.4,1.2,"YF",NA,NA,NA,NA,NA,NA,NA,NA,NA,NA,NA
"961",2092-01-01,NA,-1.3,2.2,-4.9,"YF",NA,NA,NA,NA,NA,NA,NA,NA,NA,NA,NA
"962",2092-02-01,NA,1.8,4.1,-2.2,"YF",NA,NA,NA,NA,NA,NA,NA,NA,NA,NA,NA
"963",2092-03-01,NA,3.3,5.8,-0.3,"YF",NA,NA,NA,NA,NA,NA,NA,NA,NA,NA,NA
"964",2092-04-01,NA,5.3,8.3,2.1,"YF",NA,NA,NA,NA,NA,NA,NA,NA,NA,NA,NA
"965",2092-05-01,NA,9.7,11.7,7.1,"YF",NA,NA,NA,NA,NA,NA,NA,NA,NA,NA,NA
"966",2092-06-01,NA,14.3,17,10.8,"YF",NA,NA,NA,NA,NA,NA,NA,NA,NA,NA,NA
"967",2092-07-01,NA,15.7,18.6,13.6,"YF",NA,NA,NA,NA,NA,NA,NA,NA,NA,NA,NA
"968",2092-08-01,NA,14.5,17.2,12.7,"YF",NA,NA,NA,NA,NA,NA,NA,NA,NA,NA,NA
"969",2092-09-01,NA,12,13.8,9.7,"YF",NA,NA,NA,NA,NA,NA,NA,NA,NA,NA,NA
"970",2092-10-01,NA,8.5,10.7,6.7,"YF",NA,NA,NA,NA,NA,NA,NA,NA,NA,NA,NA
"971",2092-11-01,NA,3.8,7,2.3,"YF",NA,NA,NA,NA,NA,NA,NA,NA,NA,NA,NA
"972",2092-12-01,NA,-1,3,-3.4,"YF",NA,NA,NA,NA,NA,NA,NA,NA,NA,NA,NA
"973",2093-01-01,NA,-1.4,2.8,-2.8,"YF",NA,NA,NA,NA,NA,NA,NA,NA,NA,NA,NA
"974",2093-02-01,NA,-1.6,2,-5.5,"YF",NA,NA,NA,NA,NA,NA,NA,NA,NA,NA,NA
"975",2093-03-01,NA,3,6,0.9,"YF",NA,NA,NA,NA,NA,NA,NA,NA,NA,NA,NA
"976",2093-04-01,NA,4.6,7.4,2.6,"YF",NA,NA,NA,NA,NA,NA,NA,NA,NA,NA,NA
"977",2093-05-01,NA,8.2,11.8,6.5,"YF",NA,NA,NA,NA,NA,NA,NA,NA,NA,NA,NA
"978",2093-06-01,NA,11.3,14.7,9.8,"YF",NA,NA,NA,NA,NA,NA,NA,NA,NA,NA,NA
"979",2093-07-01,NA,14.7,17.9,12.5,"YF",NA,NA,NA,NA,NA,NA,NA,NA,NA,NA,NA
"980",2093-08-01,NA,14.4,17.7,13.2,"YF",NA,NA,NA,NA,NA,NA,NA,NA,NA,NA,NA
"981",2093-09-01,NA,11.3,14.7,9.9,"YF",NA,NA,NA,NA,NA,NA,NA,NA,NA,NA,NA
"982",2093-10-01,NA,7.1,9.4,5.4,"YF",NA,NA,NA,NA,NA,NA,NA,NA,NA,NA,NA
"983",2093-11-01,NA,3,4,-0.1,"YF",NA,NA,NA,NA,NA,NA,NA,NA,NA,NA,NA
"984",2093-12-01,NA,-0.3,2.6,-2.7,"YF",NA,NA,NA,NA,NA,NA,NA,NA,NA,NA,NA
"985",2094-01-01,NA,-1,1.8,-3.7,"YF",NA,NA,NA,NA,NA,NA,NA,NA,NA,NA,NA
"986",2094-02-01,NA,2.8,4.8,-1.9,"YF",NA,NA,NA,NA,NA,NA,NA,NA,NA,NA,NA
"987",2094-03-01,NA,2.1,5.6,-1.2,"YF",NA,NA,NA,NA,NA,NA,NA,NA,NA,NA,NA
"988",2094-04-01,NA,4.7,7.3,2.4,"YF",NA,NA,NA,NA,NA,NA,NA,NA,NA,NA,NA
"989",2094-05-01,NA,8.1,10.7,6.5,"YF",NA,NA,NA,NA,NA,NA,NA,NA,NA,NA,NA
"990",2094-06-01,NA,13.5,15.9,10.7,"YF",NA,NA,NA,NA,NA,NA,NA,NA,NA,NA,NA
"991",2094-07-01,NA,15.3,18.5,13.2,"YF",NA,NA,NA,NA,NA,NA,NA,NA,NA,NA,NA
"992",2094-08-01,NA,14.3,17.2,12.6,"YF",NA,NA,NA,NA,NA,NA,NA,NA,NA,NA,NA
"993",2094-09-01,NA,11.3,13.7,10,"YF",NA,NA,NA,NA,NA,NA,NA,NA,NA,NA,NA
"994",2094-10-01,NA,7.6,9.8,4.8,"YF",NA,NA,NA,NA,NA,NA,NA,NA,NA,NA,NA
"995",2094-11-01,NA,2,4.9,0.2,"YF",NA,NA,NA,NA,NA,NA,NA,NA,NA,NA,NA
"996",2094-12-01,NA,0,2.8,-2.4,"YF",NA,NA,NA,NA,NA,NA,NA,NA,NA,NA,NA
"997",2095-01-01,NA,-1,2.8,-4.2,"YF",NA,NA,NA,NA,NA,NA,NA,NA,NA,NA,NA
"998",2095-02-01,NA,2.4,4.3,-2.1,"YF",NA,NA,NA,NA,NA,NA,NA,NA,NA,NA,NA
"999",2095-03-01,NA,2.8,5.9,-0.9,"YF",NA,NA,NA,NA,NA,NA,NA,NA,NA,NA,NA
"1000",2095-04-01,NA,4.9,7.3,1.9,"YF",NA,NA,NA,NA,NA,NA,NA,NA,NA,NA,NA
"1001",2095-05-01,NA,8.5,11.2,6.1,"YF",NA,NA,NA,NA,NA,NA,NA,NA,NA,NA,NA
"1002",2095-06-01,NA,12.6,15.4,9.5,"YF",NA,NA,NA,NA,NA,NA,NA,NA,NA,NA,NA
"1003",2095-07-01,NA,15.7,18.2,13,"YF",NA,NA,NA,NA,NA,NA,NA,NA,NA,NA,NA
"1004",2095-08-01,NA,14.9,17.9,13.2,"YF",NA,NA,NA,NA,NA,NA,NA,NA,NA,NA,NA
"1005",2095-09-01,NA,11.8,14.8,9.6,"YF",NA,NA,NA,NA,NA,NA,NA,NA,NA,NA,NA
"1006",2095-10-01,NA,8.7,10.4,4.9,"YF",NA,NA,NA,NA,NA,NA,NA,NA,NA,NA,NA
"1007",2095-11-01,NA,1.9,6,-0.8,"YF",NA,NA,NA,NA,NA,NA,NA,NA,NA,NA,NA
"1008",2095-12-01,NA,1.5,4.5,-2.8,"YF",NA,NA,NA,NA,NA,NA,NA,NA,NA,NA,NA
"1009",2096-01-01,NA,0.1,2.7,-4.3,"YF",NA,NA,NA,NA,NA,NA,NA,NA,NA,NA,NA
"1010",2096-02-01,NA,0.6,2.4,-6,"YF",NA,NA,NA,NA,NA,NA,NA,NA,NA,NA,NA
"1011",2096-03-01,NA,3,5.4,-0.3,"YF",NA,NA,NA,NA,NA,NA,NA,NA,NA,NA,NA
"1012",2096-04-01,NA,5.4,8.3,2.5,"YF",NA,NA,NA,NA,NA,NA,NA,NA,NA,NA,NA
"1013",2096-05-01,NA,9.4,12.2,7,"YF",NA,NA,NA,NA,NA,NA,NA,NA,NA,NA,NA
"1014",2096-06-01,NA,14.2,18,10.7,"YF",NA,NA,NA,NA,NA,NA,NA,NA,NA,NA,NA
"1015",2096-07-01,NA,16.4,18.8,13.8,"YF",NA,NA,NA,NA,NA,NA,NA,NA,NA,NA,NA
"1016",2096-08-01,NA,14.5,17.6,12.4,"YF",NA,NA,NA,NA,NA,NA,NA,NA,NA,NA,NA
"1017",2096-09-01,NA,11,14.9,9.1,"YF",NA,NA,NA,NA,NA,NA,NA,NA,NA,NA,NA
"1018",2096-10-01,NA,8.2,10.9,6.1,"YF",NA,NA,NA,NA,NA,NA,NA,NA,NA,NA,NA
"1019",2096-11-01,NA,3.2,5.5,-0.6,"YF",NA,NA,NA,NA,NA,NA,NA,NA,NA,NA,NA
"1020",2096-12-01,NA,0.6,3.5,-1.4,"YF",NA,NA,NA,NA,NA,NA,NA,NA,NA,NA,NA
"1021",2097-01-01,NA,-0.7,1.7,-4.2,"YF",NA,NA,NA,NA,NA,NA,NA,NA,NA,NA,NA
"1022",2097-02-01,NA,2.4,3.1,-2.9,"YF",NA,NA,NA,NA,NA,NA,NA,NA,NA,NA,NA
"1023",2097-03-01,NA,2.3,4,-3.1,"YF",NA,NA,NA,NA,NA,NA,NA,NA,NA,NA,NA
"1024",2097-04-01,NA,5.5,8.1,2.3,"YF",NA,NA,NA,NA,NA,NA,NA,NA,NA,NA,NA
"1025",2097-05-01,NA,9.6,11.7,6.1,"YF",NA,NA,NA,NA,NA,NA,NA,NA,NA,NA,NA
"1026",2097-06-01,NA,13.5,16.5,10.4,"YF",NA,NA,NA,NA,NA,NA,NA,NA,NA,NA,NA
"1027",2097-07-01,NA,15.5,18.3,13.4,"YF",NA,NA,NA,NA,NA,NA,NA,NA,NA,NA,NA
"1028",2097-08-01,NA,14.9,18,12.4,"YF",NA,NA,NA,NA,NA,NA,NA,NA,NA,NA,NA
"1029",2097-09-01,NA,11.4,13.7,9.9,"YF",NA,NA,NA,NA,NA,NA,NA,NA,NA,NA,NA
"1030",2097-10-01,NA,8,10.3,4.9,"YF",NA,NA,NA,NA,NA,NA,NA,NA,NA,NA,NA
"1031",2097-11-01,NA,2.1,3.5,-2.4,"YF",NA,NA,NA,NA,NA,NA,NA,NA,NA,NA,NA
"1032",2097-12-01,NA,0.4,2.9,-3.7,"YF",NA,NA,NA,NA,NA,NA,NA,NA,NA,NA,NA
"1033",2098-01-01,NA,-0.1,1.8,-5.6,"YF",NA,NA,NA,NA,NA,NA,NA,NA,NA,NA,NA
"1034",2098-02-01,NA,2.8,5.2,-1,"YF",NA,NA,NA,NA,NA,NA,NA,NA,NA,NA,NA
"1035",2098-03-01,NA,2.8,4.3,-1.9,"YF",NA,NA,NA,NA,NA,NA,NA,NA,NA,NA,NA
"1036",2098-04-01,NA,5.5,7.1,1.9,"YF",NA,NA,NA,NA,NA,NA,NA,NA,NA,NA,NA
"1037",2098-05-01,NA,8.6,10.5,6,"YF",NA,NA,NA,NA,NA,NA,NA,NA,NA,NA,NA
"1038",2098-06-01,NA,13.3,15.6,10.3,"YF",NA,NA,NA,NA,NA,NA,NA,NA,NA,NA,NA
"1039",2098-07-01,NA,15.7,18.1,13.1,"YF",NA,NA,NA,NA,NA,NA,NA,NA,NA,NA,NA
"1040",2098-08-01,NA,14.9,17.4,12.3,"YF",NA,NA,NA,NA,NA,NA,NA,NA,NA,NA,NA
"1041",2098-09-01,NA,12.3,13.8,9.8,"YF",NA,NA,NA,NA,NA,NA,NA,NA,NA,NA,NA
"1042",2098-10-01,NA,7.4,9.7,4.9,"YF",NA,NA,NA,NA,NA,NA,NA,NA,NA,NA,NA
"1043",2098-11-01,NA,1.5,4,-2.4,"YF",NA,NA,NA,NA,NA,NA,NA,NA,NA,NA,NA
"1044",2098-12-01,NA,-0.4,3.8,-3.2,"YF",NA,NA,NA,NA,NA,NA,NA,NA,NA,NA,NA
"1045",2099-01-01,NA,-1.1,3.3,-3.6,"YF",NA,NA,NA,NA,NA,NA,NA,NA,NA,NA,NA
"1046",2099-02-01,NA,1.6,4.3,-4,"YF",NA,NA,NA,NA,NA,NA,NA,NA,NA,NA,NA
"1047",2099-03-01,NA,4.3,7,0.6,"YF",NA,NA,NA,NA,NA,NA,NA,NA,NA,NA,NA
"1048",2099-04-01,NA,6.7,9.5,3.8,"YF",NA,NA,NA,NA,NA,NA,NA,NA,NA,NA,NA
"1049",2099-05-01,NA,9,12.2,6.7,"YF",NA,NA,NA,NA,NA,NA,NA,NA,NA,NA,NA
"1050",2099-06-01,NA,13.4,16.9,10.4,"YF",NA,NA,NA,NA,NA,NA,NA,NA,NA,NA,NA
"1051",2099-07-01,NA,14.9,18,13,"YF",NA,NA,NA,NA,NA,NA,NA,NA,NA,NA,NA
"1052",2099-08-01,NA,14.3,17.8,12.8,"YF",NA,NA,NA,NA,NA,NA,NA,NA,NA,NA,NA
"1053",2099-09-01,NA,11.2,13.9,9.2,"YF",NA,NA,NA,NA,NA,NA,NA,NA,NA,NA,NA
"1054",2099-10-01,NA,6.2,9.7,5.1,"YF",NA,NA,NA,NA,NA,NA,NA,NA,NA,NA,NA
"1055",2099-11-01,NA,2.1,4.7,-1.6,"YF",NA,NA,NA,NA,NA,NA,NA,NA,NA,NA,NA
"1056",2099-12-01,NA,-0.8,1.7,-4,"YF",NA,NA,NA,NA,NA,NA,NA,NA,NA,NA,NA
"1057",2100-01-01,NA,-1.3,2.2,-5.9,"YF",NA,NA,NA,NA,NA,NA,NA,NA,NA,NA,NA
"1058",2100-02-01,NA,2.7,5,-2.7,"YF",NA,NA,NA,NA,NA,NA,NA,NA,NA,NA,NA
"1059",2100-03-01,NA,3.2,5.7,0.7,"YF",NA,NA,NA,NA,NA,NA,NA,NA,NA,NA,NA
"1060",2100-04-01,NA,6.2,9.1,4.3,"YF",NA,NA,NA,NA,NA,NA,NA,NA,NA,NA,NA
"1061",2100-05-01,NA,8.9,13.5,7.1,"YF",NA,NA,NA,NA,NA,NA,NA,NA,NA,NA,NA
"1062",2100-06-01,NA,12.4,15.8,10.6,"YF",NA,NA,NA,NA,NA,NA,NA,NA,NA,NA,NA
"1063",2100-07-01,NA,14.9,17.8,12.7,"YF",NA,NA,NA,NA,NA,NA,NA,NA,NA,NA,NA
"1064",2100-08-01,NA,14.3,16.9,12,"YF",NA,NA,NA,NA,NA,NA,NA,NA,NA,NA,NA
"1065",2100-09-01,NA,11.8,15,10,"YF",NA,NA,NA,NA,NA,NA,NA,NA,NA,NA,NA
"1066",2100-10-01,NA,8.4,10.2,5.5,"YF",NA,NA,NA,NA,NA,NA,NA,NA,NA,NA,NA
"1067",2100-11-01,NA,2.3,5.3,-2.2,"YF",NA,NA,NA,NA,NA,NA,NA,NA,NA,NA,NA
"1068",2100-12-01,NA,0.5,3,-4.5,"YF",NA,NA,NA,NA,NA,NA,NA,NA,NA,NA,NA
